<!-- In summary, the model has the following structure at present:

ProteinList
     ProteinAmbiguityGroup
-	Optional quant values
 ProteinDetectionHypothesis
o	Optional quant values
o	peptideRefs

PeptideList
     Peptide
-	Optional quant values

AssayList (summarises collections of raw files)
-	QuantUnit (looking for a better name – encapsulates concept of one “run” on a label-free or one “channel” of a SILAC or iTRAQ, to be referenced elsewhere)

StudyVariablesList (groupings of QuantUnits – for purposes of grouping replicate values at PAG, PDH or PeptideLevel; this model has some recognised flaws that need to be fixed)

ProtocolList (definitions of how measures or ratios are calculated, for example with references to QuantUnits)

The optional quant values at PAG, PDH or PeptideLevel can be given for single QuantUnits or for StudyVariables (i.e. groups of replicates), and these can be single measures of abundance (plus associated stats) or ratios of abundance (plus associated stats). 

-->
<mzQuantML xmlns:xsi="http://www.w3.org/2001/XMLSchema-instance" xsi:schemaLocation="http://psidev.info/psi/pi/mzQuantML/0.1 mzQuantML_0_1_2_alternative.xsd" xmlns="http://psidev.info/psi/pi/mzQuantML/0.1">
	<cvList>
		<cv id="PSI-MS" fullName="Proteomics Standards Initiative Mass Spectrometry Vocabularies" URI="http://psidev.cvs.sourceforge.net/viewvc/*checkout*/psidev/psi/psi-ms/mzML/controlledVocabulary/psi-ms.obo" version="2.25.0"/>
		<cv id="UO" fullName="Unit Ontology" URI="http://obo.cvs.sourceforge.net/*checkout*/obo/obo/ontology/phenotype/unit.obo"/>
	</cvList>
	<!-- ********* -->
	<!-- PROTEIN LIST -->
	<!-- ********* -->
	<ProteinList>
		<QuantProteinAmbiguityGroup>
			<IdentificationRef id_ref="P25665_TODO" file_ref="L3.xls"/>
			<!-- replicates average. If we have more than one replicate. Otherwise, it will contain the same result than QuantProteinDetectionHypothesis item -->
			<GroupedQuantitationResult>
			</GroupedQuantitationResult>
			<QuantitationResult Assay_ref="SILAC_CNB_L3">	
			    <MeasureParam value="0.04" unitAccession="TODO" unitCvRef="UO" unitName="StandardDesviation"/>				
				<MeasureParam value="0.99" unitAccession="TODO" unitCvRef="UO" unitName="Ratio average"/>
				<!-- RatioParam value =0.99"/> -->
			</QuantitationResult>
			<GlobalQuantitationResult>
				<MeasureParam></MeasureParam>
			</GlobalQuantitationResult>
			<QuantProteinDetectionHypothesis>
				<IdentificationRef id_ref="P25665_TODO" file_ref="L3.xls"/>
				<GroupedQuantitationResult>
				</GroupedQuantitationResult>
				<QuantitationResult>
								<!-- <MeasureParam QuantMeasurement_ref="">				</MeasureParam>   It should be a reference to proteinResult item -->
<!--						<RatioParam value="1.160987"  Ratio_ref="light_heavy_L3_TGIAEHIK_1"/>
						<RatioParam value="1.025800065"  Ratio_ref="light_heavy_L3_TGIAEHIK_3"/> -->
				</QuantitationResult>
				<QuantPeptideRefs>
					<QuantPeptideRef ref="L3_P25665_pep4_TODO"/>
					<QuantPeptideRef ref="L3_P25665_pep5_TODO"/>
					<QuantPeptideRef ref="L3_P25665_pep6_TODO"/>
					<QuantPeptideRef ref="L3_P25665_pep10_TODO"/>
				</QuantPeptideRefs>
			</QuantProteinDetectionHypothesis>
		</QuantProteinAmbiguityGroup>
		<QuantProteinAmbiguityGroup>
			<IdentificationRef id_ref="P25665_TODO" file_ref="L5.xls"/>
			<GroupedQuantitationResult>
			</GroupedQuantitationResult>
			<QuantitationResult Assay_ref="SILAC_CNB_L5">
			    <MeasureParam value="0.03" unitAccession="TODO" unitCvRef="UO" unitName="StandardDesviation"/>				
				<MeasureParam value="0.7" unitAccession="TODO" unitCvRef="UO" unitName="Ratio average"/>
				<!-- <RatioParam value="0.7"/> -->
			</QuantitationResult>
						<GlobalQuantitationResult>
				<MeasureParam></MeasureParam>
			</GlobalQuantitationResult>
			<QuantProteinDetectionHypothesis>
				<IdentificationRef id_ref="P25665_TODO" file_ref="L5.xls"/>
				<GroupedQuantitationResult>
				</GroupedQuantitationResult>
				<QuantitationResult>
				<!-- <MeasureParam QuantMeasurement_ref="">				</MeasureParam>   It should be a reference to proteinResult item -->
<!--						<RatioParam value="0.585075719" Ratio_ref="light_heavy_L5_TGIAEHIK_7"/>-->
				</QuantitationResult>
				<QuantPeptideRefs>
					<QuantPeptideRef ref="L5_P25665_pep1_TODO"/>
					<QuantPeptideRef ref="L5_P25665_pep8_TODO"/>
				</QuantPeptideRefs>
			</QuantProteinDetectionHypothesis>
		</QuantProteinAmbiguityGroup>
		<QuantProteinAmbiguityGroup>
			<IdentificationRef id_ref="P25665_TODO" file_ref="L6.xls"/>
			<GroupedQuantitationResult>
			</GroupedQuantitationResult>
			<QuantitationResult Assay_ref="SILAC_CNB_L6">
			    <MeasureParam value="0.18" unitAccession="TODO" unitCvRef="UO" unitName="StandardDesviation"/>				
				<MeasureParam value="3" unitAccession="TODO" unitCvRef="UO" unitName="Ratio average"/>
				<!-- <RatioParam value="3"/> -->
			</QuantitationResult>
			<GlobalQuantitationResult>
			</GlobalQuantitationResult>			
			<QuantProteinDetectionHypothesis>
				<IdentificationRef id_ref="P25665_TODO" file_ref="L6.xls"/>
				<GroupedQuantitationResult>
				</GroupedQuantitationResult>
				<QuantitationResult>
				<!-- <MeasureParam QuantMeasurement_ref="">				</MeasureParam>   It should be a reference to proteinResult item -->
<!--						<RatioParam value="2.87643765684271" Ratio_ref="light_heavy_L6_TGIAEHIK_8"/>-->
				</QuantitationResult>
				<QuantPeptideRefs>
					<QuantPeptideRef ref="L6_P25665_pep7_TODO"/>
				</QuantPeptideRefs>
			</QuantProteinDetectionHypothesis>
		</QuantProteinAmbiguityGroup>
		<QuantProteinAmbiguityGroup>
			<IdentificationRef id_ref="P25665_TODO" file_ref="L7.xls"/>
			<GroupedQuantitationResult>
			</GroupedQuantitationResult>
			<QuantitationResult Assay_ref="SILAC_CNB_L7">
			    <MeasureParam value="0.02" unitAccession="TODO" unitCvRef="UO" unitName="StandardDesviation"/>				
				<MeasureParam value="0.06" unitAccession="TODO" unitCvRef="UO" unitName="Ratio average"/>
			</QuantitationResult>
			<GlobalQuantitationResult>
				<MeasureParam></MeasureParam>
			</GlobalQuantitationResult>
			<QuantProteinDetectionHypothesis>
				<IdentificationRef id_ref="P25665_TODO" file_ref="L7.xls"/>
				<GroupedQuantitationResult>
				</GroupedQuantitationResult>
				<QuantitationResult>
				</QuantitationResult>
				<QuantitationResult>
				<!-- <MeasureParam QuantMeasurement_ref="">				</MeasureParam>   It should be a reference to proteinResult item -->
				<!--	<RatioParam value="0.615767675903385" Ratio_ref="light_heavy_L7_TGIAEHIK_9"/>-->
				</QuantitationResult>
				<QuantPeptideRefs>
					<QuantPeptideRef ref="L7_P25665_pep7_TODO"/>
					<QuantPeptideRef ref="L7_P25665_pep16_TODO"/>
				</QuantPeptideRefs>
			</QuantProteinDetectionHypothesis>
		</QuantProteinAmbiguityGroup>
	</ProteinList>
	<!-- **************** -->
	<!-- PEPTIDE LIST -->
	<!-- **************** -->
	<PeptideList>
		<Peptide id="L3_P25665_pep4_TODO">
			<PeptideSequence>TGIAEHIK</PeptideSequence>
			<IdentificationRef id_ref="ID_REF_xx"/>
			<!--<Modification avgMassDelta="0.0" location="8" monoisotopicMassDelta="0.0" residues="K"/>  //No modification  -->
			<!--Maybe <Misscleavage count=0/> -->
			<GroupedQuantitationResult>
			</GroupedQuantitationResult>
			<QuantitationResult Assay_ref="SILAC_CNB_L3">
				<MeasureParam QuantMeasurement_ref="light_TGIAEHIK_1"/>
			</QuantitationResult>
		</Peptide>
		<Peptide id="L3_P25665_pep5_TODO">
			<PeptideSequence>TGIAEHIK</PeptideSequence>
			<IdentificationRef id_ref="ID_REF_xx"/>
			<!--<Modification avgMassDelta="0.0" location="8" monoisotopicMassDelta="0.0" residues="K"/>  //No modification  -->
			<!--Maybe <Misscleavage count=0/> -->
			<GroupedQuantitationResult>
			</GroupedQuantitationResult>
			<QuantitationResult>
			</QuantitationResult>
		</Peptide>
		<Peptide id="L3_P25665_pep6_TODO">
			<PeptideSequence>TGIAEHIK</PeptideSequence>
			<IdentificationRef id_ref="ID_REF_xx"/>
			<!--<Modification avgMassDelta="0.0" location="8" monoisotopicMassDelta="0.0" residues="K"/>  //No modification  -->
			<!--Maybe <Misscleavage count=0/> -->
			<GroupedQuantitationResult>
			</GroupedQuantitationResult>
			<QuantitationResult Assay_ref="SILAC_CNB_L3">
				<MeasureParam QuantMeasurement_ref="light_TGIAEHIK_3"/>
			</QuantitationResult>
		</Peptide>
		<Peptide id="L3_P25665_pep10_TODO">
			<PeptideSequence>TGIAEHIK</PeptideSequence>
			<IdentificationRef id_ref="ID_REF_xx"/>
			<Modification avgMassDelta="7.9427" location="8" monoisotopicMassDelta="8.014199" residues="K"/>
			<!--Maybe <Misscleavage count=0/> -->
			<GroupedQuantitationResult>
			</GroupedQuantitationResult>
			<QuantitationResult Assay_ref="SILAC_CNB_L3">
				<MeasureParam QuantMeasurement_ref="heavy_TGIAEHIK_1"></MeasureParam>
			</QuantitationResult>
		</Peptide>
		<!-- L5 -->
		<Peptide id="L5_P25665_pep1_TODO">
			<PeptideSequence>TGIAEHIK</PeptideSequence>
			<IdentificationRef id_ref="ID_REF_xx"/>
			<!--<Modification avgMassDelta="0.0" location="8" monoisotopicMassDelta="0.0" residues="K"/>  //No modification  -->
			<!--Maybe <Misscleavage count=0/> -->
			<GroupedQuantitationResult>
			</GroupedQuantitationResult>
			<QuantitationResult Assay_ref="SILAC_CNB_L5">
				<MeasureParam QuantMeasurement_ref="light_TGIAEHIK_7"/>
			</QuantitationResult>
		</Peptide>
		<Peptide id="L5_P25665_pep8_TODO">
			<PeptideSequence>TGIAEHIK</PeptideSequence>
			<IdentificationRef id_ref="ID_REF_xx"/>
			<Modification avgMassDelta="0.0" location="8" monoisotopicMassDelta="0.0" residues="K"/>
			<!--Maybe <Misscleavage count=0/> -->
			<GroupedQuantitationResult>
			</GroupedQuantitationResult>
			<QuantitationResult Assay_ref="SILAC_CNB_L5">
				<MeasureParam QuantMeasurement_ref="heavy_TGIAEHIK_7"/>
			</QuantitationResult>
		</Peptide>
		<!-- L6 -->
		<Peptide id="L6_P25665_pep7_TODO">
			<PeptideSequence>TGIAEHIK</PeptideSequence>
			<IdentificationRef id_ref="ID_REF_xx"/>
			<!--<Modification avgMassDelta="0.0" location="8" monoisotopicMassDelta="0.0" residues="K"/>  //No modification  -->
			<!--Maybe <Misscleavage count=0/> -->
			<GroupedQuantitationResult>
			</GroupedQuantitationResult>
			<QuantitationResult Assay_ref="SILAC_CNB_L6">
				<MeasureParam QuantMeasurement_ref="light_TGIAEHIK_8"/>
			</QuantitationResult>
		</Peptide>
		<!-- L7 -->
		<Peptide id="L7_P25665_pep7_TODO">
			<PeptideSequence>TGIAEHIK</PeptideSequence>
			<IdentificationRef id_ref="ID_REF_xx"/>
			<!--<Modification avgMassDelta="0.0" location="8" monoisotopicMassDelta="0.0" residues="K"/>  //No modification  -->
			<!--Maybe <Misscleavage count=0/> -->
			<GroupedQuantitationResult>
			</GroupedQuantitationResult>
			<QuantitationResult Assay_ref="SILAC_CNB_L7">
				<MeasureParam QuantMeasurement_ref="light_TGIAEHIK_9"/>
			</QuantitationResult>
		</Peptide>
		<Peptide id="L7_P25665_pep16_TODO">
			<PeptideSequence>TGIAEHIK</PeptideSequence>
			<IdentificationRef id_ref="ID_REF_xx"/>
			<!--<Modification avgMassDelta="0.0" location="8" monoisotopicMassDelta="0.0" residues="K"/>  //No modification  -->
			<!--Maybe <Misscleavage count=0/> -->
			<GroupedQuantitationResult>
			</GroupedQuantitationResult>
			<QuantitationResult Assay_ref="SILAC_CNB_L7">
				<MeasureParam QuantMeasurement_ref="heavy_TGIAEHIK_9"/>
			</QuantitationResult>
		</Peptide>
	</PeptideList>
	<AssayList>
		<Assay id="SILAC_CNB_L2" name="L2_GlucoseL_GlucoseH">
			<RawFiles>
				<RawFile location="C:\myfolder\myspectra\spectra\L2_GlucoseL_vs_GlucoseH.mgf" name="L2_GlucoseL_vs_GlucoseH.mgf"/>
			</RawFiles>
			<Label>
				<cvParam name="SILAC_Light_Heavy" accession="" cvRef=""/>
				<Modification massDelta="0" residues="K">
					<cvParam accession="" name="SILAC_C_Light" cvRef=""/>
				</Modification>
				<Modification massDelta="8" residues="K">
					<cvParam accession="" name="SILAC_C13N15_heavy(K)" cvRef=""/>
				</Modification>
			</Label>
			<IdentificationFiles>
				<IdentificationFile location="C:\myfolder\myids\L2_GlucoseL_vs_GlucoseH.mzid" name="L2_GlucoseL_vs_GlucoseH.mzid"/>
			</IdentificationFiles>
			<cvParam accession="" name="" cvRef="" value=""/>
		</Assay>
		<Assay id="SILAC_CNB_L3" name="L3_GlucoseL_GlucoseH">
			<RawFiles>
				<RawFile location="C:\myfolder\myspectra\spectra\L3_GlucoseL_vs_GlucoseH.mgf" name="L3_GlucoseL_vs_GlucoseH.mgf"/>
			</RawFiles>
			<Label>
				<cvParam name="SILAC_Light_Heavy" accession="" cvRef=""/>
				<Modification massDelta="0" residues="K">
					<cvParam accession="" name="SILAC_C_Light" cvRef=""/>
				</Modification>
				<Modification massDelta="8" residues="K">
					<cvParam accession="" name="SILAC_C13N15_heavy(K)" cvRef=""/>
				</Modification>
			</Label>
			<IdentificationFiles>
				<IdentificationFile location="C:\myfolder\myids\L3_GlucoseL_vs_GlucoseH.mzid" name="L3_GlucoseL_vs_GlucoseH.mzid"/>
			</IdentificationFiles>
			<cvParam accession="" name="" cvRef="" value=""/>
		</Assay>
		<Assay id="SILAC_CNB_L5" name="L5_GlycerolL_GlucoseH">
			<RawFiles>
				<RawFile location="C:\myfolder\myspectra\spectra\L5_GlycerolL_GlucoseH.mgf" name="L5_GlycerolL_GlucoseH.mgf"/>
			</RawFiles>
			<Label>
				<cvParam name="SILAC_Light_Heavy" accession="" cvRef=""/>
				<Modification massDelta="0" residues="K">
					<cvParam accession="" name="SILAC_C_Light" cvRef=""/>
				</Modification>
				<Modification massDelta="8" residues="">
					<cvParam accession="" name="SILAC_C13N15_heavy(K)" cvRef=""/>
				</Modification>
			</Label>
			<IdentificationFiles>
				<IdentificationFile location="C:\myfolder\myids\L5_GlycerolL_GlucoseH.mzid" name="L5_GlycerolL_GlucoseH.mzid"/>
			</IdentificationFiles>
			<cvParam accession="" name="" cvRef="" value=""/>
		</Assay>
		<Assay id="SILAC_CNB_L6" name="L6_GlucoseL_SuccinateH">
			<RawFiles>
				<RawFile location="C:\myfolder\myspectra\spectra\L6_GlucoseL_SuccinateH.mgf" name="L6_GlucoseL_SuccinateH.mgf"/>
			</RawFiles>
			<Label>
				<cvParam name="SILAC_Light_Heavy" accession="" cvRef=""/>
				<Modification massDelta="0" residues="K">
					<cvParam accession="" name="SILAC_C_Light" cvRef=""/>
				</Modification>
				<Modification massDelta="8" residues="">
					<cvParam accession="" name="SILAC_C13N15_heavy(K)" cvRef=""/>
				</Modification>
			</Label>
			<IdentificationFiles>
				<IdentificationFile location="C:\myfolder\myids\L6_GlucoseL_SuccinateH.mzid" name="L6_GlucoseL_SuccinateH.mzid"/>
			</IdentificationFiles>
			<cvParam accession="" name="" cvRef="" value=""/>
		</Assay>
		<Assay id="SILAC_CNB_L7" name="L7_SuccinateL_GlycerolH">
			<RawFiles>
				<RawFile location="C:\myfolder\myspectra\spectra\L7_SuccinateL_GlycerolH.mgf" name="L7_SuccinateL_GlycerolH.mgf"/>
			</RawFiles>
			<Label>
				<cvParam name="SILAC_Light_Heavy" accession="" cvRef=""/>
				<Modification massDelta="0" residues="K">
					<cvParam accession="" name="SILAC_C_Light" cvRef=""/>
				</Modification>
				<Modification massDelta="8" residues="">
					<cvParam accession="" name="SILAC_C13N15_heavy(K)" cvRef=""/>
				</Modification>
			</Label>
			<IdentificationFiles>
				<IdentificationFile location="C:\myfolder\myids\L7_SuccinateL_GlycerolH.mzid" name="L7_SuccinateL_GlycerolH.mgf.mzid"/>
			</IdentificationFiles>
			<cvParam accession="" name="" cvRef="" value=""/>
		</Assay>
	</AssayList>
	<StudyVariableList>
		<StudyVariable id="LH_L3" name="L3_GlucoseL_vs_GlucoseH">
			<cvParam accession="" name="" cvRef=""/>
			<AssayRef Assay_ref="SILAC_CNB_L3"/>
			<AssayRef Assay_ref="SILAC_CNB_L2"/>
		</StudyVariable>
		<StudyVariable id="LH_L5" name="L5_GlycerolL_GlucoseH">
			<cvParam accession="" name="" cvRef=""/>
			<AssayRef Assay_ref="SILAC_CNB_L5"/>
		</StudyVariable>
		<StudyVariable id="LH_L6" name="L6_GlucoseL_SuccinateH">
			<cvParam accession="" name="" cvRef=""/>
			<AssayRef Assay_ref="SILAC_CNB_L6"/>
		</StudyVariable>
		<StudyVariable id="LH_L7" name="L7_SuccinateL_vs_GlycerolH">
			<cvParam accession="" name="" cvRef=""/>
			<AssayRef Assay_ref="SILAC_CNB_L7"/>
		</StudyVariable>
	</StudyVariableList>

	<FeatureList>
		<!-- 
		First couple of feaures contain light and heavy forms of the same peptide. Both forms were identified by MS/MS. Thus, the feature ID starts with F_Query (Framented_query)
		-->
		<Feature MZ="434.747976" id="F_Query_3_3984_light" AssayRef="SILAC_CNB_L3" intensity="44320319.17" RT="386.4713632" charge="2">
		<userParam name="name" value="value"/>	
		</Feature>
		<Feature MZ="438.7550785" id="F_Query_3_3970_heavy" AssayRef="SILAC_CNB_L3" intensity="38174678.19" RT="386.1286219" charge="2">
<!--			<IdentificationReferences file_ref="L3.xls" id_ref="L3_P25665_pep10_TODO"/>-->
		<userParam name="name" value="value"/>
		</Feature>
		<!--
		This case only contains data from MS/MS light form. Moreover, the parner "heavy form" is both not idenfitied by MS/MS and not found through the cromartogram (P_EIC).  
-->
		<Feature MZ="434.747976" id="F_Query_3_5073_light" AssayRef="SILAC_CNB_L3" intensity="2101529.497" RT="476.7146543" charge="2">
		<userParam name="name" value="value"/>
<!--			<IdentificationReferences file_ref="L3.xls" id_ref="L3_P25665_pep5_TODO"/> -->
		</Feature>
		<!--
		This case only contains data from MS/MS light form. Moreover, the parner "heavy form" is not idenfitied by MS/MS but there is a peak within the cromartogram (P_EIC) that fits with the M/z of the heavy form. For this last reason, the FeatureID starts with C (Calculated) and the id_ref is empty.  
-->
		<Feature MZ="434.747976" id="F_Query_3_5060_light" AssayRef="SILAC_CNB_L3" intensity="149485381.4" RT="475.8485039" charge="2">
		<userParam name="name" value="value"/>
<!--			<IdentificationReferences file_ref="L3.xls" id_ref="L3_P25665_pep6_TODO"/>-->
		</Feature>
		<Feature MZ="-1.0" id="C_Query_3_5060_heavy" AssayRef="SILAC_CNB_L3" intensity="145725650.2" RT="-1.0" charge="2">
<!--			<IdentificationReferences file_ref="L3.xls" id_ref=""/>-->
		</Feature>
		<!-- 
		EIC and P_EIC. Both forms were identified by MS/MS. 
		-->
		<Feature MZ="434.747976" id="F_Query_3_10452_light" AssayRef="SILAC_CNB_L3" intensity="8750380.076" RT="926.211323" charge="2">
<!--			<IdentificationReferences file_ref="L3.xls" id_ref="L3_P25665_pep7_TODO"/>-->
		</Feature>
		<Feature MZ="438.7550785" id="F_Query_3_10455_heavy" AssayRef="SILAC_CNB_L3" intensity="11417082.59" RT="926.2666644" charge="2">
	    <!-- <IdentificationReferences file_ref="L3.xls" id_ref="L3_P25665_pep11_TODO"/> -->
		</Feature>
		<!-- 
		EIC and P_EIC. Only light form was identified by MS/MS. 
		-->
		<Feature MZ="434.747976" id="F_Query_3_3061_light" AssayRef="SILAC_CNB_L3" intensity="2913825.796" RT="296.2443581" charge="2">
	<!-- <IdentificationReferences file_ref="L3.xls" id_ref="L3_P25665_pep6_TODO"/> -->
		</Feature>
		<Feature MZ="-1.0" id="C_Query_3_3061_heavy" AssayRef="SILAC_CNB_L3" intensity="3304965.804" RT="-1.0" charge="2">
	<!--		<IdentificationReferences file_ref="L3.xls" id_ref=""/> -->
		</Feature>
		<!-- 
		EIC and P_EIC. Only light form was identified by MS/MS. 
		-->
		<Feature MZ="434.747976" id="F_Query_3_11701_light" AssayRef="SILAC_CNB_L3" intensity="4131314.66" RT="1016.303321" charge="2">
		<!--	<IdentificationReferences file_ref="L3.xls" id_ref="L3_P25665_pep6_TODO"/>  -->
		</Feature>
		<Feature MZ="-1.0" id="C_Query_3_11701_heavy" AssayRef="SILAC_CNB_L3" intensity="14689254.69" RT="-1.0" charge="2">
		<!--	<IdentificationReferences file_ref="L3.xls" id_ref=""/> -->
		</Feature>
		<!-- 
		Going to another run (L5). EIC and P_EIC. Both forms were identified by MS/MS. 
		-->
		<Feature MZ="868.488676" id="F_Query_5_8687_light" AssayRef="SILAC_CNB_L5" intensity="2734625.322" RT="1016.492628" charge="2">
		<!--	<IdentificationReferences file_ref="L5.xls" id_ref="L5_P25665_pep1_TODO"/> -->
		</Feature>
		<Feature MZ="876.502881" id="F_Query_5_8686_heavy" AssayRef="SILAC_CNB_L5" intensity="4673968.227" RT="1016.47387" charge="2">
		<!--	<IdentificationReferences file_ref="L5.xls" id_ref="L5_P25665_pep8_TODO"/> -->
		</Feature>
		<!-- 
		Going to another run (L6). EIC and P_EIC. Only light form was identified by MS/MS. 
		-->
		<Feature MZ="868.488676" id="F_Query_6_5113_light" AssayRef="SILAC_CNB_L6" intensity="260848749.1" RT="473.440702" charge="2">
		<!--	<IdentificationReferences file_ref="L6.xls" id_ref="L6_P25665_pep1_TODO"/> -->
		</Feature>
		<Feature MZ="-1.0" id="C_Query_6_5113_heavy" AssayRef="SILAC_CNB_L6" intensity="90684652.42" RT="-1.0" charge="2">
		<!--	<IdentificationReferences file_ref="L6.xls" id_ref=""/> -->
		</Feature>
		<!-- 
		Going to another run (L7). EIC and P_EIC. Only heavy form was identified by MS/MS. 
		-->
		<Feature MZ="868.488676" id="F_Query_7_4938_light" AssayRef="SILAC_CNB_L7" intensity="1162660.817" RT="474.55773116" charge="2">
		<!--	<IdentificationReferences file_ref="L6.xls" id_ref=""/> -->
		</Feature>
		<Feature MZ="876.502881" id="F_Query_7_4937_heavy" AssayRef="SILAC_CNB_L7" intensity="1742862.951" RT="474.54607302" charge="2">
		<!--	<IdentificationReferences file_ref="L6.xls" id_ref="L7_P25665_pep15_TODO"/> -->
		</Feature>
	</FeatureList>
	<QuantificationsList>
	<!-- L3 -->
	<MatchedFeature id="light_heavy_L3_TGIAEHIK_1">
	<RatioValue value="1.160987369"/>
		<References>
			<FeatureRef feature_ref="F_Query_3_3984_light"/>
			<FeatureRef feature_ref="F_Query_3_3970_heavy"/>
		</References>
	</MatchedFeature>
	
	<MatchedFeature id="light_heavy_L3_TGIAEHIK_3">
	<RatioValue value="1.160987369"/>
		<References>
			<FeatureRef feature_ref="F_Query_3_5060_light"/>
			<FeatureRef feature_ref="C_Query_3_5060_heavy"/>
		</References>
	</MatchedFeature>
	<!-- <ProteinResult>
		<References>
			<FeatureRef></FeatureRef>
			<MatchedFeatureRef></MatchedFeatureRef>
		</References>
	</ProteinResult> 
-->
	<!-- L5 -->
	<MatchedFeature id="light_heavy_L5_TGIAEHIK_7">
	<RatioValue value="1.160987369"/>
		<References>
			<FeatureRef feature_ref="F_Query_5_8687_light"/>
			<FeatureRef feature_ref="F_Query_5_8686_heavy"/>
		</References>
	</MatchedFeature>
	<!-- L6 -->
	<MatchedFeature id="light_heavy_L6_TGIAEHIK_8">
	<RatioValue value="1.160987369"/>
		<References>
			<FeatureRef feature_ref="F_Query_6_5113_light"/>
			<FeatureRef feature_ref="C_Query_6_5113_heavy"/>
		</References>
	</MatchedFeature>
	<!-- L7 -->
	<MatchedFeature id="light_heavy_L7_TGIAEHIK_9">
	<RatioValue value="1.160987369"/>
		<References>
			<FeatureRef feature_ref="F_Query_7_11701_light"/>
			<FeatureRef feature_ref="C_Query_7_11701_heavy"/>
		</References>
	</MatchedFeature>
	</QuantificationsList>
	<DataProcessingList>
		<dataProcessing id="TODO">
			<processingMethod/>
		</dataProcessing>
	</DataProcessingList>
</mzQuantML>
