<!--
Under PeptideList\Peptide\Modification one should better allow cvParams
Spectra elements under SpectraSet
-->
<mzQuantML xmlns:xsi="http://www.w3.org/2001/XMLSchema-instance" xsi:schemaLocation="http://psidev.info/psi/pi/mzQuantML/0.1 ../../schema/mzQuantML_0_1_3.xsd" xmlns="http://psidev.info/psi/pi/mzQuantML/0.1">
	<cvList>
		<cv id="PSI-MS" fullName="Proteomics Standards Initiative Mass Spectrometry Vocabularies" URI="http://psidev.cvs.sourceforge.net/viewvc/*checkout*/psidev/psi/psi-ms/mzML/controlledVocabulary/psi-ms.obo" version="2.25.0"/>
		<cv id="UO" fullName="Unit Ontology" URI="http://obo.cvs.sourceforge.net/*checkout*/obo/obo/ontology/phenotype/unit.obo"/>
	</cvList>
	
	<ProteinList>
		<QuantProteinAmbiguityGroup id="PAG_1">
			<QuantProteinDetectionHypothesisRefs>
				<QuantProteinDetectionHypothesisRef quantProteinDetectionHypothesis_ref="PROT_HYP1"/>
				<QuantProteinDetectionHypothesisRef quantProteinDetectionHypothesis_ref="PROT_HYP2"/>
			</QuantProteinDetectionHypothesisRefs>
		</QuantProteinAmbiguityGroup>
		<QuantProteinDetectionHypothesis id="PROT_HYP1">
			<IdentificationRef id_ref="ID_REF1" file_ref="C:\ms\mzident\identification1.mzid"/>
			<QuantitationResult QuantValue_ref="QV_PROT_1" Assay_ref="ASS1"/>
			<QuantPeptideRefs>
				<QuantPeptideRef quantPeptide_ref="pep1"/>
				<QuantPeptideRef quantPeptide_ref="pep2"/>
			</QuantPeptideRefs>
		</QuantProteinDetectionHypothesis>
		<QuantProteinDetectionHypothesis id="PROT_HYP2">
			<IdentificationRef id_ref="ID_REF1" file_ref="C:\ms\mzident\identification1.mzid"/>
			<QuantitationResult QuantValue_ref="QV_PROT_2" Assay_ref="ASS2"/>
			<QuantPeptideRefs>
				<QuantPeptideRef quantPeptide_ref="pep3"/>
				<QuantPeptideRef quantPeptide_ref="pep4"/>
			</QuantPeptideRefs>
		</QuantProteinDetectionHypothesis>
	</ProteinList>
	
	<PeptideList>
		<Peptide id="pep1">
			<PeptideSequence>BLAELVIS</PeptideSequence>
			<Modification>
				<userParam name="Oxidation" value=""/>
				<!-- better to allow also cvParams here -->
				<!--
				<cvParam accession="MOD:00412" name="oxidation" cvRef="PSI-MOD"/>
				-->
			</Modification>
			<QuantitationResult QuantValue_ref="QV_PEPT_1" Assay_ref="ASS1"/>
		</Peptide>
		<Peptide id="pep2">
			<PeptideSequence>BLAELVISA</PeptideSequence>
			<Modification>
				<userParam name="Carbamoylated residue"/>
				<!-- better to allow also cvParams here -->
				<!--
				<cvParam accession="MOD:00398" name="carbamoylated residue" cvRef="PSI-MOD"/>
				-->
			</Modification>
			<QuantitationResult QuantValue_ref="QV_PEPT_2" Assay_ref="ASS1"/>
		</Peptide>
		<Peptide id="pep3">
			<PeptideSequence>MLVELVISE</PeptideSequence>
			<QuantitationResult QuantValue_ref="QV_PEPT_3" Assay_ref="ASS2"/>
		</Peptide>
		<Peptide id="pep4">
			<PeptideSequence>MLVELVASA</PeptideSequence>
			<QuantitationResult QuantValue_ref="QV_PEPT_4" Assay_ref="ASS2"/>
		</Peptide>
		<Peptide id="pep5">
			<PeptideSequence>MLVELVESA</PeptideSequence>
			<QuantitationResult QuantValue_ref="QV_PEPT_5" Assay_ref="ASS2"/>
		</Peptide>
	</PeptideList>
	
	<AssayList>
		<Assay id="ASS1">
			<RawFiles>
				<RawFile location="C:\ms\mzML\raw1.mzml" name="mzMLFile1"/>
			</RawFiles>
			<IdentificationFiles>
				<IdentificationFile location="C:\ms\mzIdent\identification1.mzid" name="mzIdentMLFile1"/>
			</IdentificationFiles>
			<DataProcessingOrder>
				<DataProcessingOrderElement rank="1" DataProcessing_ref="DP1"/>
			</DataProcessingOrder>
			<cvParam name="healthy sample" accession="MS:1000000" cvRef="PSI-MS"/>
		</Assay>
		<Assay id="ASS2">
			<RawFiles>
				<RawFile location="C:\ms\mzML\raw2.mzml" name="mzMLFile2"/>
			</RawFiles>
			<IdentificationFiles>
				<IdentificationFile location="C:\ms\mzIdent\identification2.mzid" name="mzIdentMLFile2"/>
			</IdentificationFiles>
			<DataProcessingOrder>
				<DataProcessingOrderElement rank="1" DataProcessing_ref="DP1"/>
			</DataProcessingOrder>
			<cvParam name="disease sample" accession="MS:1000000" cvRef="PSI-MS"/>
		</Assay>
	</AssayList>
	
	<StudyVariableList>
		<StudyVariable id="SV_1" name="healthy group">
			<cvParam accession="MS:0000000" name="healthy experimental condition group" cvRef="PSI-MS"/>
			<AssayRef Assay_ref="ASS1"/>
		</StudyVariable>
		<StudyVariable id="SV_2" name="diseased group">
			<cvParam accession="MS:0000000" name="disease experimental condition group" cvRef="PSI-MS"/>
			<AssayRef Assay_ref="ASS2"/>
		</StudyVariable>
	</StudyVariableList>
	
	<FeatureList>
		<SpectraSets>
			<SpectraSet id="SPEC_SET_1">
				<!-- count: 4 -->
				<SpectrumIdentificationItemRef file_ref="mzID_Ref" spectrumIdentificationItem_ref="SII_11"/>
				<SpectrumIdentificationItemRef file_ref="mzID_Ref" spectrumIdentificationItem_ref="SII_12"/>
				<SpectrumIdentificationItemRef file_ref="mzID_Ref" spectrumIdentificationItem_ref="SII_13"/>
				<SpectrumIdentificationItemRef file_ref="mzID_Ref" spectrumIdentificationItem_ref="SII_14"/>
			</SpectraSet>
			<SpectraSet id="SPEC_SET_2">
				<!-- count: 2 -->
				<SpectrumIdentificationItemRef file_ref="mzID_Ref" spectrumIdentificationItem_ref="SII_21"/>
				<SpectrumIdentificationItemRef file_ref="mzID_Ref" spectrumIdentificationItem_ref="SII_22"/>
			</SpectraSet>
			<SpectraSet id="SPEC_SET_3">
				<!-- count: 5 -->
				<SpectrumIdentificationItemRef file_ref="mzID_Ref" spectrumIdentificationItem_ref="SII_31"/>
				<SpectrumIdentificationItemRef file_ref="mzID_Ref" spectrumIdentificationItem_ref="SII_32"/>
				<SpectrumIdentificationItemRef file_ref="mzID_Ref" spectrumIdentificationItem_ref="SII_33"/>
				<SpectrumIdentificationItemRef file_ref="mzID_Ref" spectrumIdentificationItem_ref="SII_34"/>
				<SpectrumIdentificationItemRef file_ref="mzID_Ref" spectrumIdentificationItem_ref="SII_35"/>
			</SpectraSet>
			<SpectraSet id="SPEC_SET_4">
				<!-- count: 6 -->
				<SpectrumIdentificationItemRef file_ref="mzID_Ref" spectrumIdentificationItem_ref="SII_41"/>
				<SpectrumIdentificationItemRef file_ref="mzID_Ref" spectrumIdentificationItem_ref="SII_42"/>
				<SpectrumIdentificationItemRef file_ref="mzID_Ref" spectrumIdentificationItem_ref="SII_43"/>
				<SpectrumIdentificationItemRef file_ref="mzID_Ref" spectrumIdentificationItem_ref="SII_44"/>
				<SpectrumIdentificationItemRef file_ref="mzID_Ref" spectrumIdentificationItem_ref="SII_45"/>
				<SpectrumIdentificationItemRef file_ref="mzID_Ref" spectrumIdentificationItem_ref="SII_46"/>
			</SpectraSet>
		</SpectraSets>
	</FeatureList>
	
	<QuantList>
		<!-- PSM spectra counts (amino acid sequence with modifications) -->
		<QuantLayer>
			<QuantValue id="QV_FRAG_1" value="4">
				<FeatureRefs>
					<FeatureRef feature_ref="SPEC_SET_1"/>
				</FeatureRefs>
				<cvParam name="number of MS/MS spectra for this peptide" accession="MS:1000131" cvRef="PSI-MS"/>
			</QuantValue>
			<QuantValue id="QV_FRAG_2" value="2">
				<FeatureRefs>
					<FeatureRef feature_ref="SPEC_SET_2"/>
				</FeatureRefs>
				<cvParam name="number of MS/MS spectra for this peptide" accession="MS:1000131" cvRef="PSI-MS"/>
			</QuantValue>
			<QuantValue id="QV_FRAG_3" value="5">
				<FeatureRefs>
					<FeatureRef feature_ref="SPEC_SET_3"/>
				</FeatureRefs>
				<cvParam name="number of MS/MS spectra for this peptide" accession="MS:1000131" cvRef="PSI-MS"/>
			</QuantValue>
			<QuantValue id="QV_FRAG_4" value="6">
				<FeatureRefs>
					<FeatureRef feature_ref="SPEC_SET_4"/>
				</FeatureRefs>
				<cvParam name="number of MS/MS spectra for this peptide" accession="MS:1000131" cvRef="PSI-MS"/>
			</QuantValue>
			<QuantValue id="QV_FRAG_5" value="3">
				<FeatureRefs>
					<FeatureRef feature_ref="SPEC_SET_1"/>
				</FeatureRefs>
				<cvParam name="number of MS/MS spectra for this peptide" accession="MS:1000131" cvRef="PSI-MS"/>
			</QuantValue>
			<QuantValue id="QV_FRAG_6" value="8">
				<FeatureRefs>
					<FeatureRef feature_ref="SPEC_SET_2"/>
				</FeatureRefs>
				<cvParam name="number of MS/MS spectra for this peptide" accession="MS:1000131" cvRef="PSI-MS"/>
			</QuantValue>
			<QuantValue id="QV_FRAG_7" value="9">
				<FeatureRefs>
					<FeatureRef feature_ref="SPEC_SET_2"/>
					<FeatureRef feature_ref="SPEC_SET_4"/>
				</FeatureRefs>
				<cvParam name="number of MS/MS spectra for this peptide" accession="MS:1000131" cvRef="PSI-MS"/>
			</QuantValue>
			<cvParam name="fragment spectra count layer" accession="MS:0000000" cvRef="PSI-MS"/>
		</QuantLayer>
		
		<!-- peptide quantification (only sequence, i.e. aggregation (sum) of modified and unmodified version of peptide) -->
		<QuantLayer>
			<QuantValue id="QV_PEPT_1" value="6">
				<QuantValueRefs>
					<QuantValueRef quantValue_ref="QV_FRAG_1"/>
					<QuantValueRef quantValue_ref="QV_FRAG_2"/>
				</QuantValueRefs>
				<cvParam accession="MS:1000000" name="aggregation (sum)" cvRef="PSI-MS"/>
			</QuantValue>
			<QuantValue id="QV_PEPT_2" value="11">
				<QuantValueRefs>
					<QuantValueRef quantValue_ref="QV_FRAG_3"/>
					<QuantValueRef quantValue_ref="QV_FRAG_4"/>
				</QuantValueRefs>
				<cvParam accession="MS:1000000" name="aggregation (sum)" cvRef="PSI-MS"/>
			</QuantValue>
			<QuantValue id="QV_PEPT_3" value="10">
				<QuantValueRefs>
					<QuantValueRef quantValue_ref="QV_FRAG_1"/>
					<QuantValueRef quantValue_ref="QV_FRAG_5"/>
					<QuantValueRef quantValue_ref="QV_FRAG_6"/>
				</QuantValueRefs>
				<cvParam accession="MS:1000000" name="aggregation (sum)" cvRef="PSI-MS"/>
			</QuantValue>
			<QuantValue id="QV_PEPT_4" value="13">
				<QuantValueRefs>
					<QuantValueRef quantValue_ref="QV_FRAG_1"/>
					<QuantValueRef quantValue_ref="QV_FRAG_7"/>
				</QuantValueRefs>
				<cvParam accession="MS:1000000" name="aggregation (sum)" cvRef="PSI-MS"/>
			</QuantValue>
			<QuantValue id="QV_PEPT_5" value="17">
				<QuantValueRefs>
					<QuantValueRef quantValue_ref="QV_FRAG_6"/>
					<QuantValueRef quantValue_ref="QV_FRAG_7"/>
				</QuantValueRefs>
				<cvParam accession="MS:1000000" name="aggregation (sum)" cvRef="PSI-MS"/>
			</QuantValue>
			<cvParam accession="MS:1000000" name="peptide quantification layer" cvRef="PSI-MS"/>
		</QuantLayer>
		
		<!-- protein quantification: aggregation(mean) of peptides -->
		<QuantLayer>
			<QuantValue id="QV_PROT_1" value="8.5">
				<QuantValueRefs>
					<QuantValueRef quantValue_ref="QV_PEPT_1"/>
					<QuantValueRef quantValue_ref="QV_PEPT_2"/>
				</QuantValueRefs>
				<cvParam accession="MS:1000000" name="aggregation (mean)" cvRef="PSI-MS"/>
			</QuantValue>
			<QuantValue id="QV_PROT_2" value="11.5">
				<QuantValueRefs>
					<QuantValueRef quantValue_ref="QV_PEPT_3"/>
					<QuantValueRef quantValue_ref="QV_PEPT_4"/>
				</QuantValueRefs>
				<cvParam accession="MS:1000000" name="aggregation (mean)" cvRef="PSI-MS"/>
			</QuantValue>
			<QuantValue id="QV_PROT_3" value="17">
				<QuantValueRefs>
					<QuantValueRef quantValue_ref="QV_PEPT_5"/>
				</QuantValueRefs>
				<cvParam accession="MS:1000000" name="aggregation (mean)" cvRef="PSI-MS"/>
			</QuantValue>
			<cvParam accession="MS:1000000" name="protein quantification layer" cvRef="PSI-MS"/>
		</QuantLayer>
		
		<!-- experimental groups: referencing proteins -->
		<QuantLayer>
			<QuantValue id="QV_GRP_1" value="8.5">
				<QuantValueRefs>
					<QuantValueRef quantValue_ref="QV_PROT_1"/>
				</QuantValueRefs>
				<cvParam accession="MS:1000000" name="aggregation (mean)" cvRef="PSI-MS"/>
			</QuantValue>
			<QuantValue id="QV_GRP_2" value="14.25">
				<QuantValueRefs>
					<QuantValueRef quantValue_ref="QV_PROT_2"/>
					<QuantValueRef quantValue_ref="QV_PROT_3"/>
				</QuantValueRefs>
				<cvParam accession="MS:1000000" name="aggregation (mean)" cvRef="PSI-MS"/>
			</QuantValue>
			<cvParam accession="MS:1000000" name="experimental grouping layer" cvRef="PSI-MS"/>
		</QuantLayer>
	</QuantList>
	
	<DataProcessingList>
		<dataProcessing id="DP1">
			<processingMethod>
				<cvParam accession="MS:1001486" name="data filtering" cvRef="PSI-MS" value=""/>
				<userParam name="myParam1"/>
			</processingMethod>
			<processingMethod>
				<cvParam accession="MS:1000543" name="data processing action" cvRef="PSI-MS"/>
			</processingMethod>
		</dataProcessing>
		<dataProcessing id="DP2">
			<processingMethod>
				<cvParam accession="MS:1001486" name="data filtering" cvRef="PSI-MS"/>
				<userParam name="myParam2"/>
			</processingMethod>
			<processingMethod>
				<cvParam accession="MS:1000543" name="data processing action" cvRef="PSI-MS"/>
			</processingMethod>
		</dataProcessing>
	</DataProcessingList>
</mzQuantML>
