<!--
Example for Progenesis LC-MS

Data from "SpikeIn Velos Waters in Contest"

Group Similar Proteins
Quantitate from non-conflicting features


needed cvParams:
	- "progenesis condition" for study variable, describing the name of the condition
	- raw and normalized abundancies (for features, peptides and proteins)
	- feature anova
	- feature max fold change

comments:
	- STUDY VARIABLES: actually something like mean over study variable is not accessible, so maybe not saved into this file. but if it should be, there must be some reference (at least in the protein and peptide level) to the study variable 
	- values in petides/proteins: do we provide them only, if we don't have the feature/quant section or do we always provide them and have them duplicated
	- do the abundancies have any unit?
	- the Masstraces in the features have all the coordinates after the alignment, but they cannot be found like this in the raw file...
		-> Masstraces should have the original coordinates of the raw file, but this does not seem to be accessible for the user at the moment
	- should all vectors for alignment be put into the data processing? if so, the file would grow massively

TODO:
	- add all the other "statistical" feature values I missed
	- errors and units for the values
-->

<mzQuantML xmlns:xsi="http://www.w3.org/2001/XMLSchema-instance" xsi:schemaLocation="http://psidev.info/psi/pi/mzQuantML/0.1 ../../schema/mzQuantML_0_1_3.xsd" xmlns="http://psidev.info/psi/pi/mzQuantML/0.1">
	<cvList>
		<cv id="PSI-MS" fullName="Proteomics Standards Initiative Mass Spectrometry Vocabularies" URI="http://psidev.cvs.sourceforge.net/viewvc/*checkout*/psidev/psi/psi-ms/mzML/controlledVocabulary/psi-ms.obo" version="2.25.0"/>
		<cv id="UO" fullName="Unit Ontology" URI="http://obo.cvs.sourceforge.net/*checkout*/obo/obo/ontology/phenotype/unit.obo"/>
	</cvList>

	<PeptideList>
		<Peptide id="pep_X">
			<PeptideSequence>IGDYAGIK</PeptideSequence>
			<IdentificationRef file_ref="F020602_waters_spikein.xml"/>
			<QuantitationResult QuantValue_ref="q_feature548_raw_OV01108"/>
			<QuantitationResult QuantValue_ref="q_feature548_normalized_OV01108"/>
			<QuantitationResult QuantValue_ref="q_feature548_raw_OV01110"/>
			<QuantitationResult QuantValue_ref="q_feature548_normalized_OV01110"/>
			<QuantitationResult QuantValue_ref="q_feature768_raw_OV01108"/>
			<QuantitationResult QuantValue_ref="q_feature768_normalized_OV01108"/>
			<QuantitationResult QuantValue_ref="q_feature768_raw_OV01110"/>
			<QuantitationResult QuantValue_ref="q_feature768_normalized_OV01110"/>
			<QuantitationResult QuantValue_ref="peptide_X_in_OV01108"/>
			<QuantitationResult QuantValue_ref="peptide_X_in_OV01110"/>
			<QuantitationResult QuantValue_ref="fold_change_max_to_min_pep_X"/>
			<QuantitationResult QuantValue_ref="ANOVA_pep_X"/>
		</Peptide>
		<!-- TODO: add all QuantitationResults of other peptides -->
	</PeptideList>
	
	
	<AssayList>
		<!-- Progenesis' equivalent to assays would be just the single raw file
		runs, usually without any further details. -->
		<Assay id="OV01108" name="OV01108">
			<RawFiles>
				<RawFile location="../msmsdata/OV01108.raw"/>
			</RawFiles>
		</Assay>
		<Assay id="OV01110" name="OV01110">
			<RawFiles>
				<RawFile location="../msmsdata/OV01110.raw"/>
			</RawFiles>
		</Assay>
		<Assay id="OV01112" name="OV01112">
			<RawFiles>
				<RawFile location="../msmsdata/OV01112.raw"/>
			</RawFiles>
		</Assay>
		<Assay id="OV01114" name="OV01114">
			<RawFiles>
				<RawFile location="../msmsdata/OV01114.raw"/>
			</RawFiles>
		</Assay>
		<Assay id="OV01116" name="OV01116">
			<RawFiles>
				<RawFile location="../msmsdata/OV01116.raw"/>
			</RawFiles>
		</Assay>
		<Assay id="OV01118" name="OV01118">
			<RawFiles>
				<RawFile location="../msmsdata/OV01118.raw"/>
			</RawFiles>
		</Assay>
		<Assay id="OV01120" name="OV01120">
			<RawFiles>
				<RawFile location="../msmsdata/OV01120.raw"/>
			</RawFiles>
		</Assay>
		<Assay id="OV01122" name="OV01122">
			<RawFiles>
				<RawFile location="../msmsdata/OV01122.raw"/>
			</RawFiles>
		</Assay>
		<Assay id="OV01124" name="OV01124">
			<RawFiles>
				<RawFile location="../msmsdata/OV01124.raw"/>
			</RawFiles>
		</Assay>
		<Assay id="OV01126" name="OV01126">
			<RawFiles>
				<RawFile location="../msmsdata/OV01126.raw"/>
			</RawFiles>
		</Assay>
		<Assay id="OV01128" name="OV01128">
			<RawFiles>
				<RawFile location="../msmsdata/OV01128.raw"/>
			</RawFiles>
		</Assay>
		<Assay id="OV01130" name="OV01130">
			<RawFiles>
				<RawFile location="../msmsdata/OV01130.raw"/>
			</RawFiles>
		</Assay>
		<Assay id="OV01132" name="OV01132">
			<RawFiles>
				<RawFile location="../msmsdata/OV01132.raw"/>
			</RawFiles>
		</Assay>
		<Assay id="OV01134" name="OV01134">
			<RawFiles>
				<RawFile location="../msmsdata/OV01134.raw"/>
			</RawFiles>
		</Assay>
		<Assay id="OV01136" name="OV01136">
			<RawFiles>
				<RawFile location="../msmsdata/OV01136.raw"/>
			</RawFiles>
		</Assay>
	</AssayList>
	
	<StudyVariableList>
		<StudyVariable id="1_fmol" name="1 fmol">
			<cvParam accession="MS:0000000 (progenesis condition)" name="progenesis condition" cvRef="PSI-MS" value="1 fmol" />	<!-- progenesis actually only has a user given name for this -->
			<AssayRef Assay_ref="OV01108"/>
			<AssayRef Assay_ref="OV01118"/>
			<AssayRef Assay_ref="OV01128"/>
		</StudyVariable>
		<StudyVariable id="2_fmol" name="2 fmol">
			<cvParam accession="MS:0000000 (progenesis condition)" name="progenesis condition" cvRef="PSI-MS" value="2 fmol"/>
			<AssayRef Assay_ref="OV01110"/>
			<AssayRef Assay_ref="OV01120"/>
			<AssayRef Assay_ref="OV01130"/>
		</StudyVariable>
		<StudyVariable id="4_fmol" name="4 fmol">
			<cvParam accession="MS:0000000 (progenesis condition)" name="progenesis condition" cvRef="PSI-MS" value="4 fmol"/>
			<AssayRef Assay_ref="OV01112"/>
			<AssayRef Assay_ref="OV01122"/>
			<AssayRef Assay_ref="OV01132"/>
		</StudyVariable>
		<StudyVariable id="8_fmol" name="8 fmol">
			<cvParam accession="MS:0000000 (progenesis condition)" name="progenesis condition" cvRef="PSI-MS" value="8 fmol"/>
			<AssayRef Assay_ref="OV01114"/>
			<AssayRef Assay_ref="OV01124"/>
			<AssayRef Assay_ref="OV01134"/>
		</StudyVariable>
		<StudyVariable id="16_fmol" name="16 fmol">
			<cvParam accession="MS:0000000 (progenesis condition)" name="progenesis condition" cvRef="PSI-MS" value="16 fmol"/>
			<AssayRef Assay_ref="OV01116"/>
			<AssayRef Assay_ref="OV01126"/>
			<AssayRef Assay_ref="OV01136"/>
		</StudyVariable>
	</StudyVariableList>
	
	
	<FeatureList>
		<Feature id="feature548_OV01108" AssayRef="OV01108" charge="2" DataProcessingRef="progenesis_alignment" intensity="610441.5625" MZ="418.729214693827" RT="26.8685">
			<!-- TODO: these are only visually accessible at the moment-->
			<Masstrace MZstart="418.7139" MZstop="418.7454" RTstart="26.635" RTstop="27.592"/>
			<Masstrace MZstart="419.2045" MZstop="419.2548" RTstart="26.635" RTstop="27.592"/>
			<Masstrace MZstart="419.688" MZstop="419.7517" RTstart="26.635" RTstop="27.528"/>
			<Masstrace MZstart="420.2408" MZstop="420.2548" RTstart="26.635" RTstop="27.018"/>
		</Feature>

		<Feature id="feature768_OV01108" AssayRef="OV01108" charge="2" DataProcessingRef="progenesis_alignment" intensity="610441.5625" MZ="418.729214693827" RT="26.8685">
			<!-- TODO: these are only visually accessible at the moment-->
			<Masstrace MZstart="418.7139" MZstop="418.7454" RTstart="26.635" RTstop="27.592"/>
			<Masstrace MZstart="419.2045" MZstop="419.2548" RTstart="26.635" RTstop="27.592"/>
			<Masstrace MZstart="419.688" MZstop="419.7517" RTstart="26.635" RTstop="27.528"/>
			<Masstrace MZstart="420.2408" MZstop="420.2548" RTstart="26.635" RTstop="27.018"/>
		</Feature>
		
		<Feature id="feature548_OV01118" AssayRef="OV01118" charge="2" DataProcessingRef="progenesis_alignment" intensity="680880.75" MZ="418.729214693827" RT="26.8685">
			<!-- if the Masstraces are taken after the alignment, they are all the same for one feature -->
			<Masstrace MZstart="418.7139" MZstop="418.7454" RTstart="26.635" RTstop="27.592"/>
			<Masstrace MZstart="419.2045" MZstop="419.2548" RTstart="26.635" RTstop="27.592"/>
			<Masstrace MZstart="419.688" MZstop="419.7517" RTstart="26.635" RTstop="27.528"/>
			<Masstrace MZstart="420.2408" MZstop="420.2548" RTstart="26.635" RTstop="27.018"/>
		</Feature>
		
		<Feature id="feature548_OV01128" AssayRef="OV01128" charge="2" DataProcessingRef="progenesis_alignment" intensity="615136.875" MZ="418.729214693827" RT="26.8685">
			<Masstrace MZstart="418.7139" MZstop="418.7454" RTstart="26.635" RTstop="27.592"/>
			<Masstrace MZstart="419.2045" MZstop="419.2548" RTstart="26.635" RTstop="27.592"/>
			<Masstrace MZstart="419.688" MZstop="419.7517" RTstart="26.635" RTstop="27.528"/>
			<Masstrace MZstart="420.2408" MZstop="420.2548" RTstart="26.635" RTstop="27.018"/>
		</Feature>
		
		<Feature id="feature548_OV01110" AssayRef="OV01110" charge="2" DataProcessingRef="progenesis_alignment" intensity="740912.4375" MZ="418.729214693827" RT="26.8685">
			<Masstrace MZstart="418.7139" MZstop="418.7454" RTstart="26.635" RTstop="27.592"/>
			<Masstrace MZstart="419.2045" MZstop="419.2548" RTstart="26.635" RTstop="27.592"/>
			<Masstrace MZstart="419.688" MZstop="419.7517" RTstart="26.635" RTstop="27.528"/>
			<Masstrace MZstart="420.2408" MZstop="420.2548" RTstart="26.635" RTstop="27.018"/>
		</Feature>
		
		<Feature id="feature768_OV01110" AssayRef="OV01110" charge="2" DataProcessingRef="progenesis_alignment" intensity="610441.5625" MZ="418.729214693827" RT="26.8685">
			<!-- TODO: these are only visually accessible at the moment-->
			<Masstrace MZstart="418.7139" MZstop="418.7454" RTstart="26.635" RTstop="27.592"/>
			<Masstrace MZstart="419.2045" MZstop="419.2548" RTstart="26.635" RTstop="27.592"/>
			<Masstrace MZstart="419.688" MZstop="419.7517" RTstart="26.635" RTstop="27.528"/>
			<Masstrace MZstart="420.2408" MZstop="420.2548" RTstart="26.635" RTstop="27.018"/>
		</Feature>

		<Feature id="feature548_OV01120" AssayRef="OV01120" charge="2" DataProcessingRef="progenesis_alignment" intensity="730124.375" MZ="418.729214693827" RT="26.8685">
			<Masstrace MZstart="418.7139" MZstop="418.7454" RTstart="26.635" RTstop="27.592"/>
			<Masstrace MZstart="419.2045" MZstop="419.2548" RTstart="26.635" RTstop="27.592"/>
			<Masstrace MZstart="419.688" MZstop="419.7517" RTstart="26.635" RTstop="27.528"/>
			<Masstrace MZstart="420.2408" MZstop="420.2548" RTstart="26.635" RTstop="27.018"/>
		</Feature>
		
		<Feature id="feature548_OV01130" AssayRef="OV01130" charge="2" DataProcessingRef="progenesis_alignment" intensity="808786.125" MZ="418.729214693827" RT="26.8685">
			<Masstrace MZstart="418.7139" MZstop="418.7454" RTstart="26.635" RTstop="27.592"/>
			<Masstrace MZstart="419.2045" MZstop="419.2548" RTstart="26.635" RTstop="27.592"/>
			<Masstrace MZstart="419.688" MZstop="419.7517" RTstart="26.635" RTstop="27.528"/>
			<Masstrace MZstart="420.2408" MZstop="420.2548" RTstart="26.635" RTstop="27.018"/>
		</Feature>

		<Feature id="feature548_OV01112" AssayRef="OV01112" charge="2" DataProcessingRef="progenesis_alignment" intensity="744239.6875" MZ="418.729214693827" RT="26.8685">
			<Masstrace MZstart="418.7139" MZstop="418.7454" RTstart="26.635" RTstop="27.592"/>
			<Masstrace MZstart="419.2045" MZstop="419.2548" RTstart="26.635" RTstop="27.592"/>
			<Masstrace MZstart="419.688" MZstop="419.7517" RTstart="26.635" RTstop="27.528"/>
			<Masstrace MZstart="420.2408" MZstop="420.2548" RTstart="26.635" RTstop="27.018"/>
		</Feature>
		
		<Feature id="feature548_OV01122" AssayRef="OV01122" charge="2" DataProcessingRef="progenesis_alignment" intensity="773018.375" MZ="418.729214693827" RT="26.8685">
			<Masstrace MZstart="418.7139" MZstop="418.7454" RTstart="26.635" RTstop="27.592"/>
			<Masstrace MZstart="419.2045" MZstop="419.2548" RTstart="26.635" RTstop="27.592"/>
			<Masstrace MZstart="419.688" MZstop="419.7517" RTstart="26.635" RTstop="27.528"/>
			<Masstrace MZstart="420.2408" MZstop="420.2548" RTstart="26.635" RTstop="27.018"/>
		</Feature>
		
		<Feature id="feature548_OV01132" AssayRef="OV01132" charge="2" DataProcessingRef="progenesis_alignment" intensity="643995.5" MZ="418.729214693827" RT="26.8685">
			<Masstrace MZstart="418.7139" MZstop="418.7454" RTstart="26.635" RTstop="27.592"/>
			<Masstrace MZstart="419.2045" MZstop="419.2548" RTstart="26.635" RTstop="27.592"/>
			<Masstrace MZstart="419.688" MZstop="419.7517" RTstart="26.635" RTstop="27.528"/>
			<Masstrace MZstart="420.2408" MZstop="420.2548" RTstart="26.635" RTstop="27.018"/>
		</Feature>
		
		<Feature id="feature548_OV01114" AssayRef="OV01114" charge="2" DataProcessingRef="progenesis_alignment" intensity="1231927.125" MZ="418.729214693827" RT="26.8685">
			<Masstrace MZstart="418.7139" MZstop="418.7454" RTstart="26.635" RTstop="27.592"/>
			<Masstrace MZstart="419.2045" MZstop="419.2548" RTstart="26.635" RTstop="27.592"/>
			<Masstrace MZstart="419.688" MZstop="419.7517" RTstart="26.635" RTstop="27.528"/>
			<Masstrace MZstart="420.2408" MZstop="420.2548" RTstart="26.635" RTstop="27.018"/>
		</Feature>
		
		<Feature id="feature548_OV01124" AssayRef="OV01124" charge="2" DataProcessingRef="progenesis_alignment" intensity="1074652.25" MZ="418.729214693827" RT="26.8685">
			<Masstrace MZstart="418.7139" MZstop="418.7454" RTstart="26.635" RTstop="27.592"/>
			<Masstrace MZstart="419.2045" MZstop="419.2548" RTstart="26.635" RTstop="27.592"/>
			<Masstrace MZstart="419.688" MZstop="419.7517" RTstart="26.635" RTstop="27.528"/>
			<Masstrace MZstart="420.2408" MZstop="420.2548" RTstart="26.635" RTstop="27.018"/>
		</Feature>
		
		<Feature id="feature548_OV01134" AssayRef="OV01134" charge="2" DataProcessingRef="progenesis_alignment" intensity="1178349.375" MZ="418.729214693827" RT="26.8685">
			<Masstrace MZstart="418.7139" MZstop="418.7454" RTstart="26.635" RTstop="27.592"/>
			<Masstrace MZstart="419.2045" MZstop="419.2548" RTstart="26.635" RTstop="27.592"/>
			<Masstrace MZstart="419.688" MZstop="419.7517" RTstart="26.635" RTstop="27.528"/>
			<Masstrace MZstart="420.2408" MZstop="420.2548" RTstart="26.635" RTstop="27.018"/>
		</Feature>
		
		<Feature id="feature548_OV01116" AssayRef="OV01116" charge="2" DataProcessingRef="progenesis_alignment" intensity="2434379.5" MZ="418.729214693827" RT="26.8685">
			<Masstrace MZstart="418.7139" MZstop="418.7454" RTstart="26.635" RTstop="27.592"/>
			<Masstrace MZstart="419.2045" MZstop="419.2548" RTstart="26.635" RTstop="27.592"/>
			<Masstrace MZstart="419.688" MZstop="419.7517" RTstart="26.635" RTstop="27.528"/>
			<Masstrace MZstart="420.2408" MZstop="420.2548" RTstart="26.635" RTstop="27.018"/>
		</Feature>
		
		<Feature id="feature548_OV01126" AssayRef="OV01126" charge="2" DataProcessingRef="progenesis_alignment" intensity="2548048" MZ="418.729214693827" RT="26.8685">
			<Masstrace MZstart="418.7139" MZstop="418.7454" RTstart="26.635" RTstop="27.592"/>
			<Masstrace MZstart="419.2045" MZstop="419.2548" RTstart="26.635" RTstop="27.592"/>
			<Masstrace MZstart="419.688" MZstop="419.7517" RTstart="26.635" RTstop="27.528"/>
			<Masstrace MZstart="420.2408" MZstop="420.2548" RTstart="26.635" RTstop="27.018"/>
		</Feature>
		
		<Feature id="feature548_OV01136" AssayRef="OV01136" charge="2" DataProcessingRef="progenesis_alignment" intensity="2348336" MZ="418.729214693827" RT="26.8685">
			<Masstrace MZstart="418.7139" MZstop="418.7454" RTstart="26.635" RTstop="27.592"/>
			<Masstrace MZstart="419.2045" MZstop="419.2548" RTstart="26.635" RTstop="27.592"/>
			<Masstrace MZstart="419.688" MZstop="419.7517" RTstart="26.635" RTstop="27.528"/>
			<Masstrace MZstart="420.2408" MZstop="420.2548" RTstart="26.635" RTstop="27.018"/>
		</Feature>
		<!-- and many, many more... -->
	</FeatureList>
	
	
	<QuantList>
		<!-- TODO: all units and errors of the values -->
		
		<!-- raw feature abundancies -->
		<QuantLayer>
			<QuantValue id="q_feature548_raw_OV01108" value="69424.4127352583">
				<FeatureRefs>
					<FeatureRef feature_ref="feature548_OV01108"/>
				</FeatureRefs>
				<cvParam accession="MS:100000" name="LC/MS raw feature adundance" cvRef="PSI-MS"/>		
			</QuantValue>
			<QuantValue id="q_feature548_raw_OV01110" value="89500.9153961249">
				<FeatureRefs>
					<FeatureRef feature_ref="feature548_OV01110"/>
				</FeatureRefs>
				<cvParam accession="MS:100000" name="LC/MS raw feature adundance" cvRef="PSI-MS"/>		
			</QuantValue>
			<QuantValue id="q_feature768_raw_OV01108" value="69424.4127352583">
				<FeatureRefs>
					<FeatureRef feature_ref="feature548_OV01108"/>
				</FeatureRefs>
				<cvParam accession="MS:100000" name="LC/MS raw feature adundance" cvRef="PSI-MS"/>		
			</QuantValue>
			<QuantValue id="q_feature768_raw_OV01110" value="89500.9153961249">
				<FeatureRefs>
					<FeatureRef feature_ref="feature548_OV01110"/>
				</FeatureRefs>
				<cvParam accession="MS:100000" name="LC/MS raw feature adundance" cvRef="PSI-MS"/>		
			</QuantValue>
			<!-- TODO: add all the other features -->
			<cvParam accession="MS:100000" name="raw feature value layer" cvRef=""/>
		</QuantLayer>
		
		<!-- normalized feature abundancies -->
		<QuantLayer>
			<QuantValue id="q_feature548_normalized_OV01108" value="62667.2001533549">
				<FeatureRefs>
					<FeatureRef feature_ref="feature548_OV01108"/>
				</FeatureRefs>
				<QuantValueRefs>
					<QuantValueRef quantValue_ref="q_feature548_raw_OV01108"/>
				</QuantValueRefs>
				<cvParam accession="MS:100000" name="LC/MS normalized feature adundance" cvRef="PSI-MS"/>		
			</QuantValue>
			<QuantValue id="q_feature548_normalized_OV01110" value="79181.5143361066">
				<FeatureRefs>
					<FeatureRef feature_ref="feature548_OV01110"/>
				</FeatureRefs>
				<QuantValueRefs>
					<QuantValueRef quantValue_ref="q_feature548_raw_OV01110"/>
				</QuantValueRefs>
				<cvParam accession="MS:100000" name="LC/MS normalized feature adundance" cvRef="PSI-MS"/>		
			</QuantValue>
			<QuantValue id="q_feature768_normalized_OV01108" value="62667.2001533549">
				<FeatureRefs>
					<FeatureRef feature_ref="feature768_OV01108"/>
				</FeatureRefs>
				<QuantValueRefs>
					<QuantValueRef quantValue_ref="q_feature768_raw_OV01108"/>
				</QuantValueRefs>
				<cvParam accession="MS:100000" name="LC/MS normalized feature adundance" cvRef="PSI-MS"/>		
			</QuantValue>
			<QuantValue id="q_feature768_normalized_OV01110" value="79181.5143361066">
				<FeatureRefs>
					<FeatureRef feature_ref="feature768_OV01110"/>
				</FeatureRefs>
				<QuantValueRefs>
					<QuantValueRef quantValue_ref="q_feature768_raw_OV01110"/>
				</QuantValueRefs>
				<cvParam accession="MS:100000" name="LC/MS normalized feature adundance" cvRef="PSI-MS"/>		
			</QuantValue>
			<!-- add all other normalized features -->
			<cvParam accession="MS:100000" name="normalized feature value layer" cvRef="PSI-MS"/>		
		</QuantLayer>
		
		<!-- peptide layer (aggregation) -->
		<QuantLayer>
			<QuantValue id="peptide_X_in_OV01108" value="3667.200">
				<QuantValueRefs>
					<QuantValueRef quantValue_ref="q_feature548_normalized_OV01108"/>
					<QuantValueRef quantValue_ref="q_feature768_normalized_OV01108"/>
				</QuantValueRefs>
				<cvParam accession="MS:100000" name="aggregation (sum) to peptide value" cvRef="PSI-MS"/>		
			</QuantValue>
			<QuantValue id="peptide_X_in_OV01110" value="8981.51">
				<QuantValueRefs>
					<QuantValueRef quantValue_ref="q_feature548_normalized_OV01110"/>
					<QuantValueRef quantValue_ref="q_feature768_normalized_OV01110"/>
				</QuantValueRefs>
				<cvParam accession="MS:100000" name="aggregation (sum) to peptide value" cvRef="PSI-MS"/>		
			</QuantValue>
			<!-- add all other peptides -->
			<cvParam accession="MS:100000" name="peptide layer" cvRef="PSI-MS"/>		
		</QuantLayer>
		
		<!-- group layer (aggregation) -->
		<!-- here experimental groups are aggregated (mean) -->
		<QuantLayer>
			<QuantValue id="group1_pep_X" value="200.3"> <!-- TODO: use actual values -->
				<QuantValueRefs>
					<QuantValueRef quantValue_ref="peptide_X_in_OV01108"/>
					<QuantValueRef quantValue_ref="peptide_X_in_OV01110"/>
				</QuantValueRefs>
				<cvParam accession="MS:100000" name="aggregation (mean)" cvRef="PSI-MS"/>		
			</QuantValue>
			<!-- add all other groups -->
			<cvParam  accession="MS:100000" name="group layer" cvRef="PSI-MS"/>
		</QuantLayer>
		
		<!-- fold change layer (aggregation) -->
		<QuantLayer>
			<QuantValue id="fold_change_max_to_min_pep_X" value="15.3"> <!-- TODO: use actual values -->
				<QuantValueRefs>
					<QuantValueRef quantValue_ref="group1_pep_X"/> <!-- max group -->
					<QuantValueRef quantValue_ref="group3_pep_X"/> <!-- min group -->
				</QuantValueRefs>
				<cvParam accession="MS:100000" name="fold change calculation" cvRef="PSI-MS"/>		
			</QuantValue>
			<!-- add all other fold changes -->
			<cvParam  accession="MS:100000" name="fold change layer" cvRef="PSI-MS"/>
		</QuantLayer>

		<!-- ANOVA layer (aggregation) -->
		<QuantLayer>
			<QuantValue id="ANOVA_pep_X" value="0.004"> <!-- TODO: use actual values -->
			<QuantValueRefs>
				<QuantValueRef quantValue_ref="group1_pep_X"/>
				<QuantValueRef quantValue_ref="group2_pep_X"/>
				<QuantValueRef quantValue_ref="group3_pep_X"/>
			</QuantValueRefs>
				<cvParam accession="MS:100000" name="ANOVA p-value calculation" cvRef="PSI-MS"/>		
			</QuantValue>
			<cvParam  accession="MS:100000" name="ANOVA layer" cvRef="PSI-MS"/>
		</QuantLayer>
		
	
		<!-- the following quantitations are not accessible by progenesis, but would be nice -->
		<!-- normalized protein abundancies study variable average-->
		
	</QuantList>
				

	<DataProcessingList>
		<dataProcessing id="progenesis_alignment">
			<processingMethod>
				<!-- TODO: further description of the alignment. maybe even
				collecting all vectors, if this is intended? -->
			</processingMethod>
		</dataProcessing>		
	</DataProcessingList>

</mzQuantML>