<!--
Sketch of an example for using data matrices to represent quant layers
-->
<MzQuantML xmlns:xsi="http://www.w3.org/2001/XMLSchema-instance"
 xsi:schemaLocation="http://psidev.info/psi/pi/mzQuantML/0.1 ../../schema/mzQuantML_0_1_6.xsd"
 xmlns="http://psidev.info/psi/pi/mzQuantML/0.1">
	<CvList>
		<Cv id="PSI-MS" fullName="Proteomics Standards Initiative Mass Spectrometry Vocabularies"
			uri="http://psidev.cvs.sourceforge.net/viewvc/*checkout*/psidev/psi/psi-ms/mzML/controlledVocabulary/psi-ms.obo"
			version="2.25.0"/>
		<Cv id="UO" fullName="Unit Ontology"
			uri="http://obo.cvs.sourceforge.net/*checkout*/obo/obo/ontology/phenotype/unit.obo"/>
	</CvList>

	<InputFiles>
		<RawFilesGroup id="raw1">
			<RawFile location="../msmsdata/b1.raw" id="r1"/>
		</RawFilesGroup>
		<RawFilesGroup id="raw2">
			<RawFile location="../msmsdata/e1.raw" id="r2"/>
		</RawFilesGroup>

		<SearchDatabase location="c:\mydb.fasta" id="SD1">
			<DatabaseName><userParam name="mydb.fasta"/></DatabaseName>
		</SearchDatabase>
	</InputFiles>
	
	<AssayList id="AssayList1">
		<Assay id="_114" name="114">
			<RawFilesGroup_refs>raw1</RawFilesGroup_refs>
			<cvParam cvRef="" accession="" name="iTRAQ_114"/>
		</Assay>
		<Assay id="_115" name="115">
			<RawFilesGroup_refs>raw1</RawFilesGroup_refs>
			<cvParam cvRef="" accession="" name="iTRAQ_115"/>
		</Assay>
		<Assay id="_116" name="116">
			<RawFilesGroup_refs>raw1</RawFilesGroup_refs>
			<cvParam cvRef="" accession="" name="iTRAQ_116"/>
		</Assay>
		<Assay id="_117" name="117">
			<RawFilesGroup_refs>raw1</RawFilesGroup_refs>
			<cvParam cvRef="" accession="" name="iTRAQ_117"/>
		</Assay>
		
	</AssayList>


	<StudyVariableList>
		<StudyVariable id="SV_group_B" name="Group B">
			<cvParam accession="MS:0000000 (study variable)" name="concentration" cvRef="PSI-MS"
				value="1" unitAccession="TODO" unitCvRef="TODO" unitName="TODO"/>
			<AssayRef assay_ref="_114"/>
			<AssayRef assay_ref="_116"/>
		</StudyVariable>
		<StudyVariable id="SV_group_E" name="Group E">
			<cvParam accession="MS:0000000 (study variable)" name="concentration" cvRef="PSI-MS"
				value="1" unitAccession="TODO" unitCvRef="TODO" unitName="TODO"/>
			<AssayRef assay_ref="_115"/>
			<AssayRef assay_ref="_117"/>
		</StudyVariable>


	</StudyVariableList>
	
	<ProteinList id="ProtList1">
		<Protein id="HSP70" accession="HSP70">
			<Peptide_refs>PEPTIDER MLEPTIDER</Peptide_refs>			
		</Protein>
		<AssayQuantLayer id="QL2">
			<DataType>
				<cvParam cvRef="PSI-MS" accession="TODO" name="Protein abundance"/>
			</DataType>
			<ColumnIndex>_114 _115 _116 _117</ColumnIndex>
			<DataMatrix>
				<Row object_ref="HSP70">5400 10800 45000 5667</Row>
			</DataMatrix>
		</AssayQuantLayer>
		
	</ProteinList>
	

	<PeptideList id="PepList1">
		<Peptide id="PEPTIDER">
			<PeptideSequence>PEPTIDER</PeptideSequence>
			<MatchedFeature_refs>MF1</MatchedFeature_refs>			
		</Peptide>
		<Peptide id="MLEPTIDER">
			<PeptideSequence>MLEPTIDER</PeptideSequence>
			<MatchedFeature_refs>MF2</MatchedFeature_refs>	
		</Peptide>
		
		
	</PeptideList>
	
	
	<FeatureList RawFileGroup_ref="raw1" id="FeatureList1">
		<Feature id="feature1" charge="2" MZ="418.172" RT="26.8685"/>
		<Feature id="feature2" charge="2" MZ="421.572" RT="27.8685"/>
		
		<MS2AssayQuantLayer id="QL_iTRAQ">
			<DataType>
				<cvParam cvRef="" accession="" name="iTRAQ intensities"/>
			</DataType>
			<ColumnIndex>_114 _115 _116 _117</ColumnIndex>
			<DataMatrix>
				<Row object_ref="feature1">45667 4545 350656 36453</Row>
				<Row object_ref="feature2">145667 24545 4350656 136453</Row>
			</DataMatrix>
		</MS2AssayQuantLayer>
		
		<MS2StudyVariableQuantLayer id="QL_SV_iTRAQ">
			<DataType>
				<cvParam cvRef="" accession="" name="iTRAQ mean intensities"/>
			</DataType>
			<ColumnIndex>SV_group_B SV_group_E</ColumnIndex>
			<DataMatrix>
				<Row object_ref="feature1">34400 565700</Row>
				<Row object_ref="feature2">1234400 645700</Row>
			</DataMatrix>
		</MS2StudyVariableQuantLayer>
		
		
		
	</FeatureList>
	
	<MatchedFeatureList id="MatchedFeatureList1">
		<MatchedFeature id="MF1">
			<Feature_refs>feature1</Feature_refs>
		</MatchedFeature>
		<MatchedFeature id="MF2">
			<Feature_refs>feature2</Feature_refs>
		</MatchedFeature>
	</MatchedFeatureList>
	
	
	
	<SoftwareList>
		<Software id="iTRACKER" version="1"></Software>
	</SoftwareList>
	
	<DataProcessingList>
		<DataProcessing id="feature_quantification"  software_Ref="iTRACKER">
			<ProcessingMethod order="1"><userParam name=""/></ProcessingMethod>
		</DataProcessing>
	</DataProcessingList>

</MzQuantML>
