<?xml version="1.0" encoding="UTF-8"?>
<mzQuantML xmlns:xsi="http://www.w3.org/2001/XMLSchema-instance" 
       xsi:schemaLocation="http://psidev.info/psi/pi/mzQuantML/0.1 ../../schema/mzQuantML_0_1.xsd" 
	   xmlns="http://psidev.info/psi/pi/mzQuantML/0.1">
	<!-- ********* --> 
	<!-- PROTEIN LIST --> 
	<!-- ********* --> 
	<ProteinList> 
		<QuantProteinAmbiguityGroup id="PAG_1"> 
 			<!-- GlobalQuantitationResult>
				<MeasureParam measure_ref="" unitAccession="" unitCvRef="" unitName="" value="" />
				<RatioParam ratio_ref="" value="" />
			</GlobalQuantitationResult -->
			<!-- GroupedQuantitationResult study_variable_ref="">
				<MeasureParam measure_ref="" unitAccession="" unitCvRef="" unitName="" value="" />
				<RatioParam ratio_ref="" value="" />
			</GroupedQuantitationResult -->
			<IdentificationRef id_ref="PAG_hit_1" file_ref="F981131.mzid" />
			<QuantProteinDetectionHypothesis id="PDH_1">                                  
				<IdentificationRef id_ref="PDH_APLP_DROME_0" file_ref="F981131.mzid"/>
				<QuantitationResult assay_ref="assay_1"> 
					<MeasureParam measure_ref=""  unitAccession="" unitCvRef="" unitName="" value="" /> 
					<RatioParam ratio_ref="protein_ratio_id_1" value="0.911" />
						<!-- Where can I put these???
						<cvParam name="SD(geo)" value="1.097"/>
						<cvParam name="num_peps_used" value="2"/>
					</RatioParam> -->
					<RatioParam ratio_ref="protein_ratio_id_2" value="1.432" /> 
						<!-- Where can I put these???
						<cvParam name="SD(geo)" value="1.596"/>
						<cvParam name="num_peps_used" value="2"/>
					</RatioParam> -->
					<RatioParam ratio_ref="protein_ratio_id_3" value="1.799" />
						<!-- Where can I put these???
						<cvParam name="SD(geo)" value="1.466"/>
						<cvParam name="num_peps_used" value="2"/>
					</RatioParam> -->
				</QuantitationResult>
				<PeptideRefs> 
					<PeptideRef peptide_ref="peptide_66_1"/> 
					<PeptideRef peptide_ref="peptide_77_2"/> 
					<PeptideRef peptide_ref="peptide_2_2"/> 
				</PeptideRefs> 
			</QuantProteinDetectionHypothesis> 
		</QuantProteinAmbiguityGroup> 
	</ProteinList> 

	<!-- **************** --> 
	<!-- PEPTIDE LIST --> 
	<!-- **************** --> 
	<PeptideList> 
		<Peptide id="peptide_66_1"> <!-- ref="PE_66_1_APLP_DROME_0_2993_3000"> need fileref here and not above for multiple files -->
			<PeptideSequence>ACDIALAK</PeptideSequence>
			<Modification location="0" monoisotopicMassDelta="144.102063">
				<cvParam accession="UNIMOD:214" name="iTRAQ4plex" cvRef="UNIMOD" />
			</Modification>
			<Modification location="2" residues="C" monoisotopicMassDelta="45.987721">
				<cvParam accession="UNIMOD:39" name="Methylthio" cvRef="UNIMOD" />
			</Modification>
			<Modification location="8" residues="K" monoisotopicMassDelta="144.102063">
				<cvParam accession="UNIMOD:214" name="iTRAQ4plex" cvRef="UNIMOD" />
			</Modification>
			<!-- <GroupedQuantitationResult StudyVariable_ref="groupA"> 
			<Param measure_ref="" value="" unit=""/> 
			<Param ratio_ref="" value=""/> 
			</GroupedQuantitationResult> -->
			<QuantitationResult assay_ref="assay_1"> 
				<MeasureParam measure_ref="" unitAccession="" unitCvRef="" unitName="" value="" /> 
				<RatioParam ratio_ref="peptide_ratio_id_1" value="1.016"/> 
				<RatioParam ratio_ref="peptide_ratio_id_2" value="1.266"/> 
				<RatioParam ratio_ref="peptide_ratio_id_3" value="2.398"/> 
			</QuantitationResult> 
		</Peptide> 

		<Peptide id="peptide_77_2"> <!-- ref="PE_77_2_APLP_DROME_0_1371_1377">  need fileref here and not above for multiple files -->
			<PeptideSequence>VTQWILK</PeptideSequence> 
			<Modification location="0" monoisotopicMassDelta="144.102063">
				<cvParam accession="UNIMOD:214" name="iTRAQ4plex" cvRef="UNIMOD" />
			</Modification>
			<Modification location="7" residues="K" monoisotopicMassDelta="144.102063">
				<cvParam accession="UNIMOD:214" name="iTRAQ4plex" cvRef="UNIMOD" />
			</Modification>
			<QuantitationResult assay_ref="assay_1"> 
				<MeasureParam measure_ref="" unitAccession="" unitCvRef="" unitName="" value="" /> 
				<RatioParam ratio_ref="peptide_ratio_id_1" value="0.831"/> 
				<RatioParam ratio_ref="peptide_ratio_id_2" value="2.520"/> 
				<RatioParam ratio_ref="peptide_ratio_id_3" value="3.069"/> 
			</QuantitationResult> 
		</Peptide> 

		<Peptide id="peptide_2_2"> <!-- ref="PE_2_2_APLP_DROME_0_919_923"> need fileref here and not above for multiple files -->
			<PeptideSequence>AIALK</PeptideSequence>
			<Modification location="0" monoisotopicMassDelta="144.102063">
				<cvParam accession="UNIMOD:214" name="iTRAQ4plex" cvRef="UNIMOD" />
			</Modification>
			<Modification location="5" residues="K" monoisotopicMassDelta="144.102063">
				<cvParam accession="UNIMOD:214" name="iTRAQ4plex" cvRef="UNIMOD" />
			</Modification>
			<QuantitationResult assay_ref="assay_1"> 
				<MeasureParam measure_ref="" unitAccession="" unitCvRef="" unitName="" value="" /> 
				<RatioParam ratio_ref="peptide_ratio_id_1" value="-47.830" /> 
					<!-- cvParam name="Rejected" />
				</RatioParam -->
				<RatioParam ratio_ref="peptide_ratio_id_2" value="-64.400"/> 
					<!-- cvParam name="Rejected" />
				</RatioParam -->
				<RatioParam ratio_ref="peptide_ratio_id_3" value="-66.800"/> 
					<!-- cvParam name="Rejected" />
				</RatioParam -->
			</QuantitationResult> 
		</Peptide> 
	</PeptideList> 

	<AssayList> 
		<Assay id="assay1"> 
		<RawFiles> 
			<!-- multiple raw files in case of pre-fractionation --> 
			<RawFile id="rawfile1" name="denisef28QSTARcor.wiff" /> 
			<!-- mzML, raw --> 
		</RawFiles> 
		<QuantitationUnits> 
			<!-- several quantitationUnits only if there are labels in a single RUN --> 
			<QuantitationUnit id="quant_unit_id_114" name="114 / control"> 
				<Label> 
					<cvParam accession="" cvRef="" name="iTRAQ114"/> 
					<Modification massDelta="144.102063">
						<cvParam accession="UNIMOD:214" name="iTRAQ4plex" cvRef="UNIMOD" />
					</Modification>
				</Label> 
			</QuantitationUnit> 
			<QuantitationUnit id="quant_unit_id_115" name="115 / 3 hours"> 
				<Label> 
					<cvParam accession="" cvRef="" name="iTRAQ115"/> 
					<Modification massDelta="144.102063">
						<cvParam accession="UNIMOD:214" name="iTRAQ4plex" cvRef="UNIMOD" />
					</Modification>
				</Label> 
			</QuantitationUnit> 
			<QuantitationUnit id="quant_unit_id_116" name="116 / after drug"> 
				<Label> 
					<cvParam accession="" cvRef="" name="iTRAQ116"/> 
					<Modification massDelta="144.102063">
						<cvParam accession="UNIMOD:214" name="iTRAQ4plex" cvRef="UNIMOD" />
					</Modification>
				</Label> 
			</QuantitationUnit> 
			<QuantitationUnit id="quant_unit_id_117" name="117 / dead"> 
				<Label> 
					<cvParam accession="" cvRef="" name="iTRAQ117"/> 
					<Modification massDelta="144.102063">
						<cvParam accession="UNIMOD:214" name="iTRAQ4plex" cvRef="UNIMOD" />
					</Modification>
				</Label> 
			</QuantitationUnit> 
		</QuantitationUnits> 
		<!-- Identification> 
		<Filename="F981131.mzid" />
		</Identification -->
		</Assay> 
	</AssayList> 
          
	<StudyVariableList>
		<StudyVariable id="groupingA_1" name="groupA"> 
			<QuantitationUnitRefs> 
				<QuantitationUnitRef ref="QU_A_1"/> 
				<QuantitationUnitRef ref="QU_A_2"/> 
				<QuantitationUnitRef ref="QU_A_3"/> 
			</QuantitationUnitRefs> 
			<cvParam accession="MS:0000000 (study variable)" name="concentration" cvRef="PSI-MS"/>
		</StudyVariable> 
		<StudyVariable id="groupingA_2" name="groupA"> 
			<QuantitationUnitRefs> 
				<QuantitationUnitRef ref="QU_A_4"/> 
				<QuantitationUnitRef ref="QU_A_5"/> 
				<QuantitationUnitRef ref="QU_A_6"/> 
			</QuantitationUnitRefs> 
			<cvParam accession="MS:0000000 (study variable)" name="concentration" cvRef="PSI-MS"/>
		</StudyVariable> 
	</StudyVariableList>

	<!-- PROTOCOL --> 
	<ProtocolList>
		<Protocol>
			<Ratio id="peptide_ratio_id_1"> <!-- name="115/114" description="3 hours / control"     --> 
				<Numerator mathematical_operation="none">
					<QuantitationUnitsRef>
						<QuantitationUnitRef ref="quant_unit_id_115" />
					</QuantitationUnitsRef>
				</Numerator> 
				<Denominator mathematical_operation="none"> 
					<QuantitationUnitsRef>
						<QuantitationUnitRef ref="quant_unit_id_114" />
					</QuantitationUnitsRef>
				</Denominator>
			</Ratio> 
			<Ratio id="peptide_ratio_id_2"> <!-- name="116/114" description="after drug / control"  --> 
				<Numerator mathematical_operation="none">
					<QuantitationUnitsRef>
						<QuantitationUnitRef ref="quant_unit_id_116" /> 
					</QuantitationUnitsRef>
				</Numerator> 
				<Denominator mathematical_operation="none"> 
					<QuantitationUnitsRef>
						<QuantitationUnitRef ref="quant_unit_id_114" /> 
					</QuantitationUnitsRef>
				</Denominator>
			</Ratio> 
			<Ratio id="peptide_ratio_id_3"> <!-- name="117/114" description="dead / control" operator="" --> 
				<Numerator mathematical_operation="none"> 
					<QuantitationUnitsRef>
						<QuantitationUnitRef ref="quant_unit_id_117" /> 
					</QuantitationUnitsRef>
				</Numerator> 
				<Denominator mathematical_operation="none"> 
					<QuantitationUnitsRef>
						<QuantitationUnitRef ref="quant_unit_id_114" /> 
					</QuantitationUnitsRef>
				</Denominator>
			</Ratio> 
		</Protocol>
	</ProtocolList>
	<FeatureList>
		<!-- Can't see where these FeatureIDs get referenced -->
		<Feature FeatureID="F_Query_66_Channel_114" AssayRef="assay1" DataProcessingRef="ReporterValue"  MZ="114" intensity="45.2950692131779" RT="-1" >
			<IdentificationReference file_ref="" id_ref="" />
		</Feature>
		<Feature FeatureID="F_Query_66_Channel_115" AssayRef="assay1" DataProcessingRef="ReporterValue"  MZ="115" intensity="46.0440350478879" RT="-1" >
			<IdentificationReference file_ref="" id_ref="" />
		</Feature>
		<Feature FeatureID="F_Query_66_Channel_116" AssayRef="assay1" DataProcessingRef="ReporterValue"  MZ="116" intensity="57.3439086593731" RT="-1" >
			<IdentificationReference file_ref="" id_ref="" />
		</Feature>
		<Feature FeatureID="F_Query_66_Channel_117" AssayRef="assay1" DataProcessingRef="ReporterValue"  MZ="117" intensity="108.62930744078" RT="-1" >
			<IdentificationReference file_ref="" id_ref="" />
		</Feature>

		<Feature FeatureID="F_Query_77_Channel_114" AssayRef="assay1" DataProcessingRef="ReporterValue"  MZ="114" intensity="24.322915973566" RT="-1" >
			<IdentificationReference file_ref="" id_ref="" />
		</Feature>
		<Feature FeatureID="F_Query_77_Channel_115" AssayRef="assay1" DataProcessingRef="ReporterValue"  MZ="115" intensity="20.200553027825" RT="-1" >
			<IdentificationReference file_ref="" id_ref="" />
		</Feature>
		<Feature FeatureID="F_Query_77_Channel_116" AssayRef="assay1" DataProcessingRef="ReporterValue"  MZ="116" intensity="61.4977439006852" RT="-1" >
			<IdentificationReference file_ref="" id_ref="" />
		</Feature>
		<Feature FeatureID="F_Query_77_Channel_117" AssayRef="assay1" DataProcessingRef="ReporterValue"  MZ="117" intensity="74.9051958565383" RT="-1" >
			<IdentificationReference file_ref="" id_ref="" />
		</Feature>

		<Feature FeatureID="F_Query_02_Channel_114" AssayRef="assay1" DataProcessingRef="ReporterValue"  MZ="114" intensity="-0.223491309663888" RT="-1" >
			<IdentificationReference file_ref="" id_ref="" />
		</Feature>
		<Feature FeatureID="F_Query_02_Channel_115" AssayRef="assay1" DataProcessingRef="ReporterValue"  MZ="115" intensity="10.3811713338876" RT="-1" >
			<IdentificationReference file_ref="" id_ref="" />
		</Feature>
		<Feature FeatureID="F_Query_02_Channel_116" AssayRef="assay1" DataProcessingRef="ReporterValue"  MZ="116" intensity="10.3811713338876" RT="-1" >
			<IdentificationReference file_ref="" id_ref="" />
		</Feature>
		<Feature FeatureID="F_Query_02_Channel_117" AssayRef="assay1" DataProcessingRef="ReporterValue"  MZ="117" intensity="14.4634922054506" RT="-1" >
			<IdentificationReference file_ref="" id_ref="" />
		</Feature>
	</FeatureList>
	<DataProcessingList>
		<dataProcessing id="ReporterValue">
			<processingMethod>
				<!-- cvParam accession="MS:0000000" name="ReporterArea" cvRef="PSI-MS"/> Schema problem with cvRef? -->
				<!-- cvParam name="reporterTolerance" value="0.1" units="Da" / -->
			</processingMethod>
		</dataProcessing>

		<dataProcessing id="Normalisation">
			<processingMethod>
			</processingMethod>
		</dataProcessing>

		<dataProcessing id="ProteinRatioCalc">
			<processingMethod>
				<!-- cvParam name="Min_number_pep_per_prot value" value="2"/ --> 
				<!-- cvParam name="Outlier Rejection" value="grubbs"/ --> 
			</processingMethod>
		</dataProcessing>
	</DataProcessingList>
 </mzQuantML> 
 
