<!-- In summary, the model has the following structure at present:

ProteinList
     ProteinAmbiguityGroup
-	Optional quant values
 ProteinDetectionHypothesis
o	Optional quant values
o	peptideRefs

PeptideList
     Peptide
-	Optional quant values

AssayList (summarises collections of raw files)
-	QuantUnit (looking for a better name – encapsulates concept of one “run” on a label-free or one “channel” of a SILAC or iTRAQ, to be referenced elsewhere)

StudyVariablesList (groupings of QuantUnits – for purposes of grouping replicate values at PAG, PDH or PeptideLevel; this model has some recognised flaws that need to be fixed)

ProtocolList (definitions of how measures or ratios are calculated, for example with references to QuantUnits)

The optional quant values at PAG, PDH or PeptideLevel can be given for single QuantUnits or for StudyVariables (i.e. groups of replicates), and these can be single measures of abundance (plus associated stats) or ratios of abundance (plus associated stats). 
-->
<mzQuantML xmlns:xsi="http://www.w3.org/2001/XMLSchema-instance" xmlns="http://psidev.info/psi/pi/mzQuantML/0.1" xsi:schemaLocation="http://psidev.info/psi/pi/mzQuantML/0.1 mzQuantML_0_1_modified.xsd">
	<!-- ********* -->
	<!-- PROTEIN LIST -->
	<!-- ********* -->
	<ProteinList>
		<QuantProteinAmbiguityGroup>
			<IdentificationRef id_ref="P02769_TODO" file_ref="peptide_table_ICPL_run4045.xls"/>
			<GroupedQuantitationResult study_variable_ref="LH_run1_4045">
			</GroupedQuantitationResult>
			<QuantitationResult assay_ref="run1_4045">
			</QuantitationResult>
			<GlobalQuantitationResult>
				<MeasureParam/>
				<RatioParam/>
			</GlobalQuantitationResult>
			<QuantProteinDetectionHypothesis>
				<IdentificationRef></IdentificationRef>
				<GroupedQuantitationResult study_variable_ref=""></GroupedQuantitationResult>
				<QuantitationResult></QuantitationResult>
				<PeptideRefs>
					<PeptideRef></PeptideRef>
				</PeptideRefs>
			</QuantProteinDetectionHypothesis>
			</QuantProteinAmbiguityGroup>
		    <QuantProteinAmbiguityGroup>
			<IdentificationRef id_ref="P02769_TODO" file_ref="peptide_table_ICPL_run4046.xls"/>
			<GroupedQuantitationResult study_variable_ref="LH_run2_4046">
			</GroupedQuantitationResult>
			<QuantitationResult assay_ref="run2_4046">
				<MeasureParam value="" unitName="" unitAccession="" unitCvRef="" measure_ref=""/>
				<!-- one or more -->
				<!-- AND/OR -->
				<RatioParam value="" ratio_ref=""/>
				<!-- one or more -->
			</QuantitationResult>
			<GlobalQuantitationResult>
			</GlobalQuantitationResult>
			<QuantProteinDetectionHypothesis>
				<IdentificationRef></IdentificationRef>
				<GroupedQuantitationResult study_variable_ref=""></GroupedQuantitationResult>
				<QuantitationResult></QuantitationResult>
				<PeptideRefs>
					<PeptideRef></PeptideRef>
				</PeptideRefs>
			</QuantProteinDetectionHypothesis>
			</QuantProteinAmbiguityGroup>
			<QuantProteinDetectionHypothesis>
				<IdentificationRef id_ref="P02769_TODO" file_ref="peptide_table_ICPL_run4045.xls"/>
				<GroupedQuantitationResult study_variable_ref="LH_run1_4045">
					<MeasureParam value="335.6169089" unitName="Mascot Score" unitAccession="" unitCvRef="" measure_ref=""/>
					<MeasureParam value="10.04942339" unitName="Seq. Coverage" unitAccession="" unitCvRef="" measure_ref=""/>
					<MeasureParam value="147173401" unitName="Abs. Intensity" unitAccession="" unitCvRef="" measure_ref=""/>
					<MeasureParam value="200.9" unitName="S/N" unitAccession="" unitCvRef="" measure_ref=""/>
					<!-- one or more -->
					<!-- AND/OR -->
					<RatioParam value="1.83" ratio_ref="light_heavy_run1_4045"/>
					<!-- one or more -->
				</GroupedQuantitationResult>
				<QuantitationResult assay_ref="run1_4045">
					<MeasureParam value="" unitName="" unitAccession="" unitCvRef="" measure_ref=""/>
					<!-- one or more -->
					<!-- AND/OR -->
					<RatioParam value="" ratio_ref=""/>
					<!-- one or more -->
				</QuantitationResult>
				<PeptideRefs>
					<PeptideRef peptide_ref="RUN1_P02769_pep1_TODO"/>
					<PeptideRef peptide_ref="RUN1_P02769_pep2_TODO"/>
					<PeptideRef peptide_ref="RUN1_P02769_pep3_TODO"/>
					<PeptideRef peptide_ref="RUN1_P02769_pep4_TODO"/>
					<PeptideRef peptide_ref="RUN1_P02769_pep5_TODO"/>
					<PeptideRef peptide_ref="RUN1_P02769_pep6_TODO"/>
					<PeptideRef peptide_ref="RUN1_P02769_pep7_TODO"/>
				</PeptideRefs>
			</QuantProteinDetectionHypothesis>
			<QuantProteinDetectionHypothesis>
			<IdentificationRef file_ref="P02769_TODO" id_ref="peptide_table_ICPL_run4046.xls"/>
				<GroupedQuantitationResult study_variable_ref="LH_run2_4046">
					<MeasureParam value="748.5786307" unitName="Mascot Score" unitAccession="" unitCvRef="" measure_ref=""/>
					<MeasureParam value="18.61614498" unitName="Seq. Coverage" unitAccession="" unitCvRef="" measure_ref=""/>
					<MeasureParam value="126330216" unitName="Abs. Intensity" unitAccession="" unitCvRef="" measure_ref=""/>
					<MeasureParam value="462.8" unitName="S/N" unitAccession="" unitCvRef="" measure_ref=""/>
					<!-- one or more -->
					<!-- AND/OR -->
					<RatioParam value="2.0" ratio_ref="light_heavy_run2_4046"/>
					<!-- one or more -->
				</GroupedQuantitationResult>
			<QuantitationResult assay_ref="run2_4046">
				<MeasureParam/>
				<RatioParam/>
			</QuantitationResult>
			<GlobalQuantitationResult>
				<MeasureParam/>
				<RatioParam/>
			</GlobalQuantitationResult>
			<PeptideRefs>
					<PeptideRef peptide_ref="RUN2_P02769_pep1_TODO"/>
					<PeptideRef peptide_ref="RUN2_P02769_pep2_TODO"/>
					<PeptideRef peptide_ref="RUN2_P02769_pep3_TODO"/>
					<PeptideRef peptide_ref="RUN2_P02769_pep4_TODO"/>
					<PeptideRef peptide_ref="RUN2_P02769_pep5_TODO"/>
					<PeptideRef peptide_ref="RUN2_P02769_pep6_TODO"/>
					<PeptideRef peptide_ref="RUN2_P02769_pep7_TODO"/>
					<PeptideRef peptide_ref="RUN2_P02769_pep8_TODO"/>
					<PeptideRef peptide_ref="RUN2_P02769_pep9_TODO"/>
					<PeptideRef peptide_ref="RUN2_P02769_pep10_TODO"/>
					<PeptideRef peptide_ref="RUN2_P02769_pep11_TODO"/>
					<PeptideRef peptide_ref="RUN2_P02769_pep12_TODO"/>
					<PeptideRef peptide_ref="RUN2_P02769_pep13_TODO"/>
			</PeptideRefs>
		</QuantProteinDetectionHypothesis>
	</ProteinList>
	<!-- **************** -->
	<!-- PEPTIDE LIST -->
	<!-- **************** -->
	<PeptideList>
		<Peptide id="RUN1_P02769_pep1_TODO">
			<peptideSequence>LVNELTEFAK</peptideSequence>
			<Modification avgMassDelta="105.0941" location="10" monoisotopicMassDelta="105.021464" residues="K"/>
			<Modification avgMassDelta="105.0941" location="11" monoisotopicMassDelta="105.021464" residues="N"/>
			<!--Maybe <Misscleavage count=0/> -->
			<GroupedQuantitationResult study_variable_ref="LH_run1_4045">
				<RatioParam ratio_ref="light_heavy_run1_4045" value="2.149770375"/>
			</GroupedQuantitationResult>
			<QuantitationResult assay_ref="run1_4045">
				<MeasureParam measure_ref="TODO:EIC" unitAccession="" unitCvRef="" unitName="" value="40400925.01"/>
				<!-- Maybe Quantunitref -->
				<MeasureParam measure_ref="TODO:P_EIC" unitAccession="" unitCvRef="" unitName="" value="18793135.06"/>
			</QuantitationResult>
		</Peptide>
		<Peptide id="RUN2_P02769_pep3_TODO">
			<peptideSequence>LVNELTEFAK</peptideSequence>
			<Modification avgMassDelta="105.0941" location="10" monoisotopicMassDelta="105.021464" residues="K"/>
			<Modification avgMassDelta="105.0941" location="11" monoisotopicMassDelta="105.021464" residues="N"/>
			<!--Maybe <Misscleavage count=0/> -->
			<GroupedQuantitationResult study_variable_ref="LH_run2_4046">
				<RatioParam ratio_ref="light_heavy_run2_4046" value="1.598914838"/>
			</GroupedQuantitationResult>
			<QuantitationResult assay_ref="run2_4046">
				<MeasureParam measure_ref="TODO:EIC" unitAccession="" unitCvRef="" unitName="" value="34184782.63"/>
				<!-- Maybe Quantunitref -->
				<MeasureParam measure_ref="TODO:P_EIC" unitAccession="" unitCvRef="" unitName="" value="21379989.61"/>
			</QuantitationResult>
		</Peptide>
		<Peptide id="RUN2_P02769_pep4_TODO">
			<peptideSequence>LVNELTEFAK</peptideSequence>
			<Modification avgMassDelta="115.0747" location="10" monoisotopicMassDelta="111.041593" residues="K"/>
			<Modification avgMassDelta="115.0747" location="11" monoisotopicMassDelta="111.041593" residues="N"/>
			<!--Maybe <Misscleavage count=0/>-->
			<GroupedQuantitationResult study_variable_ref="LH_run2_4046">
				<RatioParam ratio_ref="light_heavy_run2_4046" value="1.598914838"/>
			</GroupedQuantitationResult>
			<QuantitationResult assay_ref="run2_4046">
				<MeasureParam measure_ref="TODO:EIC" unitAccession="" unitCvRef="" unitName="" value="21379989.61"/>
				<!-- Maybe Quantunitref-->
				<MeasureParam measure_ref="TODO:P_EIC" unitAccession="" unitCvRef="" unitName="" value="34184782.63"/>
			</QuantitationResult>
		</Peptide>
		<Peptide id="RUN1_P02769_pep2_TODO">
			<peptideSequence>KQTALVELLK</peptideSequence>
			<Modification avgMassDelta="105.0941" location="1" monoisotopicMassDelta="105.021464" residues="K"/>
			<Modification avgMassDelta="105.0941" location="10" monoisotopicMassDelta="105.021464" residues="K"/>
			<Modification avgMassDelta="105.0941" location="11" monoisotopicMassDelta="105.021464" residues="N"/>
			<!--Maybe <Misscleavage count=1/>-->
			<GroupedQuantitationResult study_variable_ref="LH_run1_4045">
				<RatioParam ratio_ref="light_heavy_run1_4045" value="1.794284541"/>
			</GroupedQuantitationResult>
			<QuantitationResult assay_ref="run1_4045">
				<MeasureParam measure_ref="TODO:EIC" unitAccession="" unitCvRef="" unitName="" value="10672038.22"/>
				<!-- Maybe Quantunitref -->
				<MeasureParam measure_ref="TODO:P_EIC" unitAccession="" unitCvRef="" unitName="" value="5947795.888"/>
			</QuantitationResult>
		</Peptide>
		<Peptide id="RUN2_P02769_pep5_TODO">
			<peptideSequence>KQTALVELLK</peptideSequence>
			<Modification avgMassDelta="105.0941" location="1" monoisotopicMassDelta="105.021464" residues="K"/>
			<Modification avgMassDelta="105.0941" location="10" monoisotopicMassDelta="105.021464" residues="K"/>
			<Modification avgMassDelta="105.0941" location="11" monoisotopicMassDelta="105.021464" residues="N"/>
			<!--Maybe <Misscleavage count=1/>-->
			<GroupedQuantitationResult study_variable_ref="LH_run2_4046">
				<RatioParam ratio_ref="light_heavy_run2_4046" value="4.326087507"/>
			</GroupedQuantitationResult>
			<QuantitationResult assay_ref="run2_4046">
				<MeasureParam measure_ref="TODO:EIC" unitAccession="" unitCvRef="" unitName="" value="13903788.25"/>
				<!-- Maybe Quantunitref-->
				<MeasureParam measure_ref="TODO:P_EIC" unitAccession="" unitCvRef="" unitName="" value="3213940.594"/>
			</QuantitationResult>
		</Peptide>
		<Peptide id="RUN1_P02769_pep3_TODO">
			<peptideSequence>LGEYGFQNALIVR</peptideSequence>
			<Modification avgMassDelta="105.0941" location="14" monoisotopicMassDelta="105.021464" residues="N"/>
			<!--Maybe <Misscleavage count=0/>-->
			<GroupedQuantitationResult study_variable_ref="LH_run1_4045">
				<RatioParam ratio_ref="light_heavy_run1_4045" value="2.093509061"/>
			</GroupedQuantitationResult>
			<QuantitationResult assay_ref="run1_4045">
				<MeasureParam measure_ref="TODO:EIC" unitAccession="" unitCvRef="" unitName="" value="37663844.89"/>
				<!-- Maybe Quantunitref-->
				<MeasureParam measure_ref="TODO:P_EIC" unitAccession="" unitCvRef="" unitName="" value="17990772.33"/>
			</QuantitationResult>
		</Peptide>
		<Peptide id="RUN2_P02769_pep8_TODO">
			<peptideSequence>LGEYGFQNALIVR</peptideSequence>
			<Modification avgMassDelta="105.0941" location="14" monoisotopicMassDelta="105.021464" residues="N"/>
			<!--Maybe <Misscleavage count=0/>-->
			<GroupedQuantitationResult study_variable_ref="LH_run1_4046">
				<RatioParam ratio_ref="light_heavy_run1_4046" value="1.78566178"/>
			</GroupedQuantitationResult>
			<QuantitationResult assay_ref="run1_4046">
				<MeasureParam measure_ref="TODO:EIC" unitAccession="" unitCvRef="" unitName="" value="67724067.91"/>
				<!-- Maybe Quantunitref-->
				<MeasureParam measure_ref="TODO:P_EIC" unitAccession="" unitCvRef="" unitName="" value="37926593.2"/>
			</QuantitationResult>
		</Peptide>
		<Peptide id="RUN2_P02769_pep9_TODO">
			<peptideSequence>LGEYGFQNALIVR</peptideSequence>
			<Modification avgMassDelta="105.0941" location="14" monoisotopicMassDelta="105.021464" residues="N"/>
			<!--Maybe <Misscleavage count=0/>-->
			<GroupedQuantitationResult study_variable_ref="LH_run1_4046">
				<RatioParam ratio_ref="light_heavy_run1_4046" value="1.78566178"/>
			</GroupedQuantitationResult>
			<QuantitationResult assay_ref="run1_4046">
				<MeasureParam measure_ref="TODO:EIC" unitAccession="" unitCvRef="" unitName="" value="67724067.91"/>
				<!-- Maybe Quantunitref-->
				<MeasureParam measure_ref="TODO:P_EIC" unitAccession="" unitCvRef="" unitName="" value="37926593.2"/>
			</QuantitationResult>
		</Peptide>
		<Peptide id="RUN1_P02769_pep4_TODO">
			<peptideSequence>DAFLGSFLYEYSR</peptideSequence>
			<Modification avgMassDelta="105.0941" location="14" monoisotopicMassDelta="105.021464" residues="N"/>
			<!--Maybe <Misscleavage count=0/>-->
			<GroupedQuantitationResult study_variable_ref="LH_run1_4045">
				<RatioParam ratio_ref="light_heavy_run1_4045" value="1.392923933"/>
			</GroupedQuantitationResult>
			<QuantitationResult assay_ref="run1_4045">
				<MeasureParam measure_ref="TODO:EIC" unitAccession="" unitCvRef="" unitName="" value="35703868.81"/>
				<!-- Maybe Quantunitref -->
				<MeasureParam measure_ref="TODO:P_EIC" unitAccession="" unitCvRef="" unitName="" value="25632317.71"/>
			</QuantitationResult>
		</Peptide>
		<Peptide id="RUN1_P02769_pep5_TODO">
			<peptideSequence>DAFLGSFLYEYSR</peptideSequence>
			<Modification avgMassDelta="105.0941" location="14" monoisotopicMassDelta="105.021464" residues="N"/>
			<!--Maybe <Misscleavage count=0/>-->
			<GroupedQuantitationResult study_variable_ref="LH_run1_4045">
				<RatioParam ratio_ref="light_heavy_run1_4045" value="1.392923933"/>
			</GroupedQuantitationResult>
			<QuantitationResult assay_ref="run1_4045">
				<MeasureParam measure_ref="TODO:EIC" unitAccession="" unitCvRef="" unitName="" value="35703868.81"/>
				<!-- Maybe Quantunitref-->
				<MeasureParam measure_ref="TODO:P_EIC" unitAccession="" unitCvRef="" unitName="" value="25632317.71"/>
			</QuantitationResult>
		</Peptide>
		<Peptide id="RUN1_P02769_pep6_TODO">
			<peptideSequence>DAFLGSFLYEYSR</peptideSequence>
			<Modification avgMassDelta="115.0747" location="14" monoisotopicMassDelta="115.0747" residues="N"/>
			<!--Maybe <Misscleavage count=0/>-->
			<GroupedQuantitationResult study_variable_ref="LH_run1_4045">
				<RatioParam ratio_ref="light_heavy_run1_4045" value="1.392923933"/>
			</GroupedQuantitationResult>
			<QuantitationResult assay_ref="run1_4045">
				<MeasureParam measure_ref="TODO:EIC" unitAccession="" unitCvRef="" unitName="" value="25632317.71"/>
				<!-- Maybe Quantunitref-->
				<MeasureParam measure_ref="TODO:P_EIC" unitAccession="" unitCvRef="" unitName="" value="35703868.81"/>
			</QuantitationResult>
		</Peptide>
		<Peptide id="RUN2_P02769_pep11_TODO">
			<peptideSequence>DAFLGSFLYEYSR</peptideSequence>
			<Modification avgMassDelta="105.0941" location="14" monoisotopicMassDelta="105.021464" residues="N"/>
			<!--Maybe <Misscleavage count=0/>-->
			<GroupedQuantitationResult study_variable_ref="LH_run2_4046">
				<RatioParam ratio_ref="light_heavy_run2_4046" value="1.838673147"/>
			</GroupedQuantitationResult>
			<QuantitationResult assay_ref="run1_4046">
				<MeasureParam measure_ref="TODO:EIC" unitAccession="" unitCvRef="" unitName="" value="54054245.59"/>
				<!-- Maybe Quantunitref-->
				<MeasureParam measure_ref="TODO:P_EIC" unitAccession="" unitCvRef="" unitName="" value="29398507.11"/>
			</QuantitationResult>
		</Peptide>
		<Peptide id="RUN1_P02769_pep7_TODO">
			<peptideSequence>KVPQVSTPTLVEVSR</peptideSequence>
			<Modification avgMassDelta="105.0941" location="1" monoisotopicMassDelta="105.021464" residues="K"/>
			<Modification avgMassDelta="105.0941" location="16" monoisotopicMassDelta="105.021464" residues="N"/>
			<!--Maybe <Misscleavage count=0/>-->
			<GroupedQuantitationResult study_variable_ref="LH_run1_4045">
				<RatioParam ratio_ref="light_heavy_run1_4045" value="1.736627741"/>
			</GroupedQuantitationResult>
			<QuantitationResult assay_ref="run1_4045">
				<MeasureParam measure_ref="TODO:EIC" unitAccession="" unitCvRef="" unitName="" value="26822035.74"/>
				<!-- Maybe Quantunitref-->
				<MeasureParam measure_ref="TODO:P_EIC" unitAccession="" unitCvRef="" unitName="" value="15444896.51"/>
			</QuantitationResult>
		</Peptide>
		<Peptide id="RUN2_P02769_pep12_TODO">
			<peptideSequence>KVPQVSTPTLVEVSR</peptideSequence>
			<Modification avgMassDelta="105.0941" location="1" monoisotopicMassDelta="105.021464" residues="K"/>
			<Modification avgMassDelta="105.0941" location="16" monoisotopicMassDelta="105.021464" residues="N"/>
			<!--Maybe <Misscleavage count=0/>-->
			<GroupedQuantitationResult study_variable_ref="LH_run2_4046">
				<RatioParam ratio_ref="light_heavy_run2_4046" value="1.903311358"/>
			</GroupedQuantitationResult>
			<QuantitationResult assay_ref="run1_4046">
				<MeasureParam measure_ref="TODO:EIC" unitAccession="" unitCvRef="" unitName="" value="54054245.59"/>
				<!-- Maybe Quantunitref-->
				<MeasureParam measure_ref="TODO:P_EIC" unitAccession="" unitCvRef="" unitName="" value="29398507.11"/>
			</QuantitationResult>
		</Peptide>
		<Peptide id="RUN2_P02769_pep13_TODO">
			<peptideSequence>KVPQVSTPTLVEVSR</peptideSequence>
			<Modification avgMassDelta="105.0941" location="1" monoisotopicMassDelta="105.021464" residues="K"/>
			<Modification avgMassDelta="105.0941" location="16" monoisotopicMassDelta="105.021464" residues="N"/>
			<!--Maybe <Misscleavage count=0/>-->
			<GroupedQuantitationResult study_variable_ref="LH_run2_4046">
				<RatioParam ratio_ref="light_heavy_run2_4046" value="1.903311358"/>
			</GroupedQuantitationResult>
			<QuantitationResult assay_ref="run1_4046">
				<MeasureParam measure_ref="TODO:EIC" unitAccession="" unitCvRef="" unitName="" value="35951464.46"/>
				<!-- Maybe Quantunitref-->
				<MeasureParam measure_ref="TODO:P_EIC" unitAccession="" unitCvRef="" unitName="" value="18888903.44"/>
			</QuantitationResult>
		</Peptide>
		<Peptide id="RUN2_P02769_pep1_TODO">
			<peptideSequence>YLYEIAR</peptideSequence>
			<Modification avgMassDelta="105.0941" location="8" monoisotopicMassDelta="105.021464" residues="N"/>
			<!--Maybe <Misscleavage count=0/>-->
			<GroupedQuantitationResult study_variable_ref="LH_run2_4046">
				<RatioParam ratio_ref="light_heavy_run2_4046" value="1.297929883"/>
			</GroupedQuantitationResult>
			<QuantitationResult assay_ref="run1_4046">
				<MeasureParam measure_ref="TODO:EIC" unitAccession="" unitCvRef="" unitName="" value="14117304.96"/>
				<!-- Maybe Quantunitref-->
				<MeasureParam measure_ref="TODO:P_EIC" unitAccession="" unitCvRef="" unitName="" value="10876785.52"/>
			</QuantitationResult>
		</Peptide>
		<Peptide id="RUN2_P02769_pep2_TODO">
			<peptideSequence>QTALVELLK</peptideSequence>
			<Modification avgMassDelta="105.0941" location="9" monoisotopicMassDelta="105.021464" residues="K"/>
			<Modification avgMassDelta="105.0941" location="10" monoisotopicMassDelta="105.021464" residues="N"/>
			<!--Maybe <Misscleavage count=0/>-->
			<GroupedQuantitationResult study_variable_ref="LH_run2_4046">
				<RatioParam ratio_ref="light_heavy_run2_4046" value="1.829962953"/>
			</GroupedQuantitationResult>
			<QuantitationResult assay_ref="run1_4046">
				<MeasureParam measure_ref="TODO:EIC" unitAccession="" unitCvRef="" unitName="" value="12269450.12"/>
				<!-- Maybe Quantunitref-->
				<MeasureParam measure_ref="TODO:P_EIC" unitAccession="" unitCvRef="" unitName="" value="6704753.286"/>
			</QuantitationResult>
		</Peptide>
		<Peptide id="RUN2_P02769_pep6_TODO">
			<peptideSequence>HLVDEPQNLIK</peptideSequence>
			<Modification avgMassDelta="105.0941" location="11" monoisotopicMassDelta="105.021464" residues="K"/>
			<Modification avgMassDelta="105.0941" location="12" monoisotopicMassDelta="105.021464" residues="N"/>
			<!--Maybe <Misscleavage count=0/>-->
			<GroupedQuantitationResult study_variable_ref="LH_run2_4046">
				<RatioParam ratio_ref="light_heavy_run2_4046" value="1.899951435"/>
			</GroupedQuantitationResult>
			<QuantitationResult assay_ref="run1_4046">
				<MeasureParam measure_ref="TODO:EIC" unitAccession="" unitCvRef="" unitName="" value="17048260.01"/>
				<!-- Maybe Quantunitref-->
				<MeasureParam measure_ref="TODO:P_EIC" unitAccession="" unitCvRef="" unitName="" value="8972997.781"/>
			</QuantitationResult>
		</Peptide>
		<Peptide id="RUN2_P02769_pep7_TODO">
			<peptideSequence>RHPEYAVSVLLR</peptideSequence>
			<Modification avgMassDelta="105.0941" location="13" monoisotopicMassDelta="105.021464" residues="N"/>
			<!--Maybe <Misscleavage count=1/>-->
			<GroupedQuantitationResult study_variable_ref="LH_run2_4046">
				<RatioParam ratio_ref="light_heavy_run2_4046" value="1.913549163"/>
			</GroupedQuantitationResult>
			<QuantitationResult assay_ref="run1_4046">
				<MeasureParam measure_ref="TODO:EIC" unitAccession="" unitCvRef="" unitName="" value="23400002.67"/>
				<!-- Maybe Quantunitref-->
				<MeasureParam measure_ref="TODO:P_EIC" unitAccession="" unitCvRef="" unitName="" value="12228587.13"/>
			</QuantitationResult>
		</Peptide>
		<Peptide id="RUN2_P02769_pep10_TODO">
			<peptideSequence>SLHTLFGDELCK</peptideSequence>
			<Modification avgMassDelta="105.0941" location="13" monoisotopicMassDelta="105.021464" residues="K"/>
			<Modification avgMassDelta="105.0941" location="14" monoisotopicMassDelta="105.021464" residues="N"/>
			<!--Maybe <Misscleavage count=1/>-->
			<GroupedQuantitationResult study_variable_ref="LH_run2_4046">
				<RatioParam ratio_ref="light_heavy_run2_4046" value="1.802930326"/>
			</GroupedQuantitationResult>
			<QuantitationResult assay_ref="run1_4046">
				<MeasureParam measure_ref="TODO:EIC" unitAccession="" unitCvRef="" unitName="" value="14972603.51"/>
				<!-- Maybe Quantunitref-->
				<MeasureParam measure_ref="TODO:P_EIC" unitAccession="" unitCvRef="" unitName="" value="8304593.525"/>
			</QuantitationResult>
		</Peptide>
	</PeptideList>
	<!--      -->
	<AssayList>
		<Assay id="run1_4045" name="120min.HCT Ultra acquisition">
			<RawFiles>
				<RawFile id="4045" name="3 ug_ICPL_T4 A+B_RA7_01_4045.d"/>
			</RawFiles>
			<IdentificationFiles>
				<IdentificationFile id=""/>
			</IdentificationFiles>
			<QuantitationUnits>
				<QuantitationUnit id="light_run1_4045">
					<Label>
						<cvParam name="ICPL_L" accession="" cvRef=""/>
						<Modification massDelta="105.0941" residues="K">
							<cvParam accession="" name="" cvRef=""/>
						</Modification>
						<Modification massDelta="105.0941" residues="N">
							<cvParam accession="" name="N-term" cvRef=""/>
						</Modification>
					</Label>
				</QuantitationUnit>
				<QuantitationUnit id="heavy_run1_4045">
					<Label>
						<cvParam name="ICPL_H" accession="" cvRef=""/>
						<Modification massDelta="115.0747" residues="K">
							<cvParam accession="" name="" cvRef=""/>
						</Modification>
						<Modification massDelta="115.0747" residues="N">
							<cvParam accession="" name="N-term" cvRef=""/>
						</Modification>
					</Label>
				</QuantitationUnit>
			</QuantitationUnits>
		</Assay>
		<Assay id="run2_4046" name="240min.HCT Ultra acquisition">
			<RawFiles>
				<RawFile id="4046" name="3 ug_ICPL_T4 A+B_curso 2010_RA7_01_4046.d"/>
			</RawFiles>
			<IdentificationFiles>
				<IdentificationFile id=""/>
			</IdentificationFiles>
			<!-- QuantitationUnits: (looking for a better name – encapsulates concept of one “run” on a label-free or one “channel” of a SILAC or iTRAQ, to be referenced elsewhere) -->
			<QuantitationUnits>
				<QuantitationUnit id="light_run2_4046">
					<Label>
						<cvParam name="ICPL_L" accession="" cvRef=""/>
						<Modification massDelta="105.0941" residues="K">
							<cvParam accession="" name="" cvRef=""/>
						</Modification>
						<Modification massDelta="105.0941" residues="N">
							<cvParam accession="" name="N-term" cvRef=""/>
						</Modification>
					</Label>
				</QuantitationUnit>
				<QuantitationUnit id="heavy_run2_4046">
					<Label>
						<cvParam name="ICPL_H" accession="" cvRef=""/>
						<Modification massDelta="115.0747" residues="K">
							<cvParam accession="" name="" cvRef=""/>
						</Modification>
						<Modification massDelta="115.0747" residues="N">
							<cvParam accession="" name="N-term" cvRef=""/>
						</Modification>
					</Label>
				</QuantitationUnit>
			</QuantitationUnits>
		</Assay>
	</AssayList>
	<!-- StudyVariableList: groupings of QuantUnits – for purposes of grouping replicate values at PAG, PDH or PeptideLevel; this model has some recognised flaws that need to be fixed) -->
	<StudyVariableList>
		<StudyVariable id="LH_run1_4045" name="120min run4045">
			<QuantitationUnitRefs>
				<QuantitationUnitRef ref="light_run1_4045"/>
				<QuantitationUnitRef ref="heavy_run1_4045"/>
			</QuantitationUnitRefs>
			<cvParam accession="" name="" cvRef=""/>
		</StudyVariable>
		<StudyVariable id="LH_run2_4046" name="240min run4046">
			<QuantitationUnitRefs>
				<QuantitationUnitRef ref="light_run2_4046"/>
				<QuantitationUnitRef ref="heavy_run2_4046"/>
			</QuantitationUnitRefs>
			<cvParam accession="" name="" cvRef=""/>
		</StudyVariable>
	</StudyVariableList>
	<!-- ProtocolList: (definitions of how measures or ratios are calculated, for example with references to QuantUnits) -->
	<ProtocolList>
		<Protocol>
			<Ratio id="light_heavy_run1_4045">
				<Numerator>
					<QuantitationUnitsRef>
						<QuantitationUnitRef ref="light_run1_4045"/>
					</QuantitationUnitsRef>
					<!-- OR studyVariables <StudyVariablesRef></StudyVariablesRef> -->
				</Numerator>
				<Denominator>
					<QuantitationUnitsRef>
						<QuantitationUnitRef ref="heavy_run1_4045"/>
					</QuantitationUnitsRef>
					<!-- OR studyVariables <StudyVariablesRef></StudyVariablesRef> -->
				</Denominator>
			</Ratio>
			<Ratio id="light_heavy_run6_4046">
				<Numerator>
					<QuantitationUnitsRef>
						<QuantitationUnitRef ref="light_run2_4046"/>
					</QuantitationUnitsRef>
					<!-- OR studyVariables <StudyVariablesRef></StudyVariablesRef> -->
				</Numerator>
				<Denominator>
					<QuantitationUnitsRef>
						<QuantitationUnitRef ref="heavy_run2_4046"/>
					</QuantitationUnitsRef>
					<!-- OR studyVariables <StudyVariablesRef></StudyVariablesRef> -->
				</Denominator>
			</Ratio>
			<Measurement/>
		</Protocol>
	</ProtocolList>
</mzQuantML>
