<mzQuantML xmlns:xsi="http://www.w3.org/2001/XMLSchema-instance" xmlns="http://psidev.info/psi/pi/mzQuantML/0.1" xsi:schemaLocation="http://psidev.info/psi/pi/mzQuantML/0.1 ../../schema/mzQuantML_0_1_2.xsd">
	<!--
		Questions:Attributes intensity, RT and MZ should be facultative in element <Feature>
						Attribute "FeatureRefs" in GroupedFeatureRefs in QuantificationsList\QuantMeasurements\QuantMeasurement\FeatureReferences\GroupedFeatureRefs
						Attribute "id_ref" inPeptideList\Peptide\IdentificationRef
	-->
	<cvList>
		<cv  id="PSI-MS" fullName="Proteomics Standards Initiative Mass Spectrometry Vocabularies" URI="http://psidev.cvs.sourceforge.net/viewvc/*checkout*/psidev/psi/psi-ms/mzML/controlledVocabulary/psi-ms.obo" version="2.25.0"/>
		<cv id="UO" fullName="Unit Ontology" URI="http://obo.cvs.sourceforge.net/*checkout*/obo/obo/ontology/phenotype/unit.obo"/>
	</cvList>
	<ProteinList>
		<QuantProteinAmbiguityGroup id="PAG_1">
			<IdentificationRef id_ref="A0A393" file_ref="file_with_protein_identifications_of_merged_mgfs"/>
			<GroupedQuantitationResult>
				<GroupMeasureParam QuantMeasurement_ref="QM_STRICT" StudyVariable_ref="concentrationOfSpikeIn_5" value="2" unitAccession="" unitName="" unitCvRef="UO"/>
				<GroupMeasureParam QuantMeasurement_ref="QM_LOOSE" StudyVariable_ref="concentrationOfSpikeIn_500" value="5" unitAccession="" unitName="" unitCvRef="UO"/>
				<GroupRatioParam value="0.4"/>
			</GroupedQuantitationResult>
			<QuantitationResult Assay_ref="mgf1">
				<MeasureParam QuantMeasurement_ref="QM_STRICT" value="2" unitAccession="" unitName="" unitCvRef="UO"/>
				<MeasureParam QuantMeasurement_ref="QM_LOOSE" value="5" unitAccession="" unitName="" unitCvRef="UO"/>
				<RatioParam value="1.3333333"/>
			</QuantitationResult>
			<QuantitationResult Assay_ref="mgf2">
				<MeasureParam QuantMeasurement_ref="QM_STRICT" value="3" unitAccession="" unitName="" unitCvRef="UO"/>
				<MeasureParam QuantMeasurement_ref="QM_LOOSE" value="5" unitAccession="" unitName="" unitCvRef="UO"/>
				<RatioParam value="1.3333333"/>
			</QuantitationResult>
			<GlobalQuantitationResult>
				<MeasureParam QuantMeasurement_ref="QM_STRICT" value="3" unitAccession="" unitName="" unitCvRef="UO"/>
				<MeasureParam QuantMeasurement_ref="QM_LOOSE" value="5" unitAccession="" unitName="" unitCvRef="UO"/>
				<RatioParam value="0.6"/>
			</GlobalQuantitationResult>
			<QuantProteinDetectionHypothesis id="PDH_1">
				<IdentificationRef id_ref="A0A393" file_ref="file_with_protein_identifications_of_merged_mgfs"/>
				<GroupedQuantitationResult>
					<GroupMeasureParam QuantMeasurement_ref="QM_PSM_COUNT" StudyVariable_ref="concentrationOfSpikeIn_5" value="15" unitAccession="" unitName="" unitCvRef="UO"/>
					<GroupMeasureParam QuantMeasurement_ref="QM_NORM_PSM_COUNT" StudyVariable_ref="concentrationOfSpikeIn_500" value="16" unitAccession="" unitName="" unitCvRef="UO"/>
					<GroupRatioParam value="0.9375"/>
				</GroupedQuantitationResult>
				<QuantitationResult Assay_ref="mgf1">
					<MeasureParam QuantMeasurement_ref="QM_PSM_COUNT" value="10" unitAccession="" unitName="" unitCvRef="UO"/>
					<MeasureParam QuantMeasurement_ref="QM_NORM_PSM_COUNT" value="8" unitAccession="" unitName="" unitCvRef="UO"/>
				</QuantitationResult>
				<QuantitationResult Assay_ref="mgf12">
					<MeasureParam QuantMeasurement_ref="QM_PSM_COUNT" value="20" unitAccession="" unitName="" unitCvRef="UO"/>
					<MeasureParam QuantMeasurement_ref="QM_NORM_PSM_COUNT" value="23" unitAccession="" unitName="" unitCvRef="UO"/>
				</QuantitationResult>
				<QuantPeptideRefs>
					<QuantPeptideRef ref="pep1"/>
					<QuantPeptideRef ref="pep2"/>
				</QuantPeptideRefs>
			</QuantProteinDetectionHypothesis>
		</QuantProteinAmbiguityGroup>
		<QuantProteinDetectionHypothesis id="ID_QPDH">
			<IdentificationRef id_ref="idref1" file_ref="C:\ms\mzident\identification1.mzid"/>
			<IdentificationRef id_ref="idref2" file_ref="C:\ms\mzident\identification2.mzid"/>
			<GroupedQuantitationResult>
				<GroupMeasureParam QuantMeasurement_ref="QM_STRICT" StudyVariable_ref="concentrationOfSpikeIn_5" value="7" unitAccession="" unitName="" unitCvRef="UO"/>
				<GroupMeasureParam QuantMeasurement_ref="QM_LOOSE" StudyVariable_ref="concentrationOfSpikeIn_500" value="8" unitAccession="" unitName="" unitCvRef="UO"/>
				<GroupRatioParam value="0.875"/>
			</GroupedQuantitationResult>
			<QuantitationResult Assay_ref="mgf1">
				<MeasureParam QuantMeasurement_ref="QM_STRICT" value="10" unitAccession="" unitName="" unitCvRef="UO"/>
				<MeasureParam QuantMeasurement_ref="QM_LOOSE" value="8" unitAccession="" unitName="" unitCvRef="UO"/>
				<RatioParam value="1.25"/>
			</QuantitationResult>
			<QuantitationResult Assay_ref="mgf2">
				<MeasureParam QuantMeasurement_ref="QM_STRICT" value="4" unitAccession="" unitName="" unitCvRef="UO"/>
				<MeasureParam QuantMeasurement_ref="QM_LOOSE" value="8" unitAccession="" unitName="" unitCvRef="UO"/>
				<RatioParam value="0.5"/>
			</QuantitationResult>
			<QuantPeptideRefs>
				<QuantPeptideRef ref="pep1"/>
				<QuantPeptideRef ref="pep2"/>
			</QuantPeptideRefs>
		</QuantProteinDetectionHypothesis>
	</ProteinList>
	<PeptideList>
		<Peptide id="pep1">
			<PeptideSequence>BLAELVIS</PeptideSequence>
			<IdentificationRef id_ref="ID_REF1"/>
			<Modification>
				<cvParam accession="MOD:00412" name="oxidation" cvRef="PSI-MOD"/>
			</Modification>
			<GroupedQuantitationResult>
				<GroupMeasureParam QuantMeasurement_ref="QM_COUNT_MODS" StudyVariable_ref="concentrationOfSpikeIn_5" value="11" unitAccession="" unitName="" unitCvRef="UO"/>
				<GroupMeasureParam QuantMeasurement_ref="QM_NORM_PSM_COUNT" StudyVariable_ref="concentrationOfSpikeIn_500" value="8" unitAccession="" unitName="" unitCvRef="UO"/>
				<GroupRatioParam value="1.375"/>
			</GroupedQuantitationResult>
			<QuantitationResult Assay_ref="mgf1">
				<MeasureParam QuantMeasurement_ref="QM_COUNT_MODS" value="10" unitAccession="" unitName="" unitCvRef="UO"/>
				<MeasureParam QuantMeasurement_ref="QM_NORM_PSM_COUNT" value="9" unitAccession="" unitName="" unitCvRef="UO"/>
				<RatioParam value="1.111111111"/>
			</QuantitationResult>
		</Peptide>
		<Peptide id="pep2">
			<PeptideSequence>BLAELVISA</PeptideSequence>
			<IdentificationRef id_ref="ID_REF2"/>
			<Modification>
				<cvParam accession="MOD:00398" name="carbamoylated residue" cvRef="PSI-MOD"/>
			</Modification>
			<GroupedQuantitationResult>
				<GroupMeasureParam QuantMeasurement_ref="QM_COUNT_MODS" StudyVariable_ref="concentrationOfSpikeIn_5" value="20" unitAccession="" unitName="" unitCvRef="UO"/>
				<GroupMeasureParam QuantMeasurement_ref="QM_NORM_PSM_COUNT" StudyVariable_ref="concentrationOfSpikeIn_500" value="14" unitAccession="" unitName="" unitCvRef="UO"/>
				<GroupRatioParam value="1.42857"/>
			</GroupedQuantitationResult>
			<QuantitationResult Assay_ref="mgf1">
				<MeasureParam QuantMeasurement_ref="QM_COUNT_MODS" value="18" unitAccession="" unitName="" unitCvRef="UO"/>
				<MeasureParam QuantMeasurement_ref="QM_NORM_PSM_COUNT" value="12" unitAccession="" unitName="" unitCvRef="UO"/>
				<RatioParam value="1.5"/>
			</QuantitationResult>
		</Peptide>
	</PeptideList>
	<AssayList>
		<Assay id="mgf1">
			<RawFiles>
				<RawFile location="C:\ORBI05301.mzml" name="mzMLFile1"/>
			</RawFiles>
			<Label>
				<cvParam accession="MS:1000745" name="retention time alignment" cvRef="PSI-MS"/>
				<Modification massDelta="0">
					<cvParam accession="MOD:00398" name="carbamoylated residue" cvRef="PSI-MOD"/>
				</Modification>
			</Label>
			<IdentificationFiles>
				<IdentificationFile location="C:\ORBI05301.mzid" name="mzIdentMLFile1"/>
			</IdentificationFiles>
			<DataProcessingOrder>
				<DataProcessingOrderElement rank="1" DataProcessing_ref="DP1"/>
			</DataProcessingOrder>
			<cvParam accession="String" name="String" cvRef="String"/>
		</Assay>
		<Assay id="mgf2">
			<RawFiles>
				<RawFile location="C:\ORBI05302.mzml" name="mzMLFile2"/>
			</RawFiles>
			<Label>
				<cvParam accession="MS:1000745" name="retention time alignment" cvRef="PSI-MS"/>
				<Modification massDelta="0">
					<cvParam accession="MOD:00412" name="oxidation" cvRef="PSI-MOD"/>
				</Modification>
			</Label>
			<IdentificationFiles>
				<IdentificationFile location="C:\ORBI05302.mzid" name="mzIdentMLFile2"/>
			</IdentificationFiles>
			<DataProcessingOrder>
				<DataProcessingOrderElement rank="2" DataProcessing_ref="DP2"/>
			</DataProcessingOrder>
			<cvParam accession="text" name="text" cvRef="text"/>
		</Assay>
		<Assay id="mgf11">
			<RawFiles>
				<RawFile location="C:\ORBI05311.mzml" name="mzMLFile11"/>
			</RawFiles>
			<Label>
				<cvParam accession="MS:1000745" name="retention time alignment" cvRef="PSI-MS"/>
				<Modification massDelta="0">
					<cvParam accession="MOD:00412" name="oxidation" cvRef="PSI-MOD"/>
				</Modification>
			</Label>
			<IdentificationFiles>
				<IdentificationFile location="C:\ORBI05311.mzid" name="mzIdentMLFile3"/>
			</IdentificationFiles>
			<DataProcessingOrder>
				<DataProcessingOrderElement rank="2" DataProcessing_ref="DP2"/>
			</DataProcessingOrder>
			<cvParam accession="text" name="text" cvRef="text"/>
		</Assay>
		<Assay id="mgf12">
			<RawFiles>
				<RawFile location="C:\ORBI05312.mzml" name="mzMLFile12"/>
			</RawFiles>
			<Label>
				<cvParam accession="MS:1000745" name="retention time alignment" cvRef="PSI-MS"/>
				<Modification massDelta="0">
					<cvParam accession="MOD:00412" name="oxidation" cvRef="PSI-MOD"/>
				</Modification>
			</Label>
			<IdentificationFiles>
				<IdentificationFile location="C:\ORBI05312.mzid" name="mzIdentMLFile3"/>
			</IdentificationFiles>
			<DataProcessingOrder>
				<DataProcessingOrderElement rank="2" DataProcessing_ref="DP2"/>
			</DataProcessingOrder>
			<cvParam accession="text" name="text" cvRef="text"/>
		</Assay>
	</AssayList>
	<StudyVariableList>
		<StudyVariable id="concentrationOfSpikeIn_5" name="concentrationOfSpikeIn">
			<cvParam accession="" name="healthy experimental condition group" cvRef="PSI-MS"/>
			<AssayRef Assay_ref="mgf1"/>
			<AssayRef Assay_ref="mgf11"/>
		</StudyVariable>
		<StudyVariable id="concentrationOfSpikeIn_50" name="concentrationOfSpikeIn">
			<cvParam accession="" name="disease experimental condition group" cvRef="PSI-MS"/>
			<AssayRef Assay_ref="mgf2"/>
			<AssayRef Assay_ref="mgf12"/>
		</StudyVariable>
	</StudyVariableList>
	<FeatureList>
		<Feature AssayRef="mgf1" MZ="3.14159" intensity="100.0" id="FEAT_1" RT="10.567">
			<userParam name="userParameter" value="param_value"/>
		</Feature>
		<Feature AssayRef="mgf2" MZ="3.56123" intensity="94.3" id="FEAT_2" RT="10.957">
			<userParam name="userParameter" value="param_value"/>
		</Feature>
		<Feature AssayRef="mgf11" MZ="2.56495" intensity="88.4" id="FEAT_3" RT="11.577">
			<userParam name="userParameter" value="param_value"/>
		</Feature>
		<Feature AssayRef="mgf12" MZ="4.34199" intensity="99.4" id="FEAT_4" RT="9.468">
			<userParam name="userParameter" value="param_value"/>
		</Feature>
		<Feature AssayRef="mgf1" MZ="3.65475" intensity="58.4" id="FEAT_5" RT="15.678">
			<userParam name="userParameter" value="param_value"/>
		</Feature>
		<Feature AssayRef="mgf12" MZ="3.45659" intensity="69.9" id="FEAT_6" RT="6.854">
			<userParam name="userParameter" value="param_value"/>
		</Feature>
	</FeatureList>
	<QuantificationsList>
		<QuantMeasurements>
			<QuantMeasurement id="QM_STRICT" value="10.5" name="StrictMean">
				<FeatureReferences>
					<GroupedFeatureRefs FeatureRefs="FEAT_1">
						<cvParam accession="text" name="text" cvRef="PSI-MS"/>
					</GroupedFeatureRefs>
					<GroupedFeatureRefs FeatureRefs="FEAT_2">
						<cvParam accession="text" name="text" cvRef="PSI-MS"/>
					</GroupedFeatureRefs>
					<cvParam accession="text" name="text" cvRef="PSi-MS"/>
				</FeatureReferences>
				<userParam name="treat missings like zero"/>
			</QuantMeasurement>
			<QuantMeasurement id="QM_LOOSE" value="12.3" name="LooseMean">
				<FeatureReferences>
					<GroupedFeatureRefs FeatureRefs="FEAT_3">
						<cvParam accession="text" name="text" cvRef="PSI-MS"/>
					</GroupedFeatureRefs>
					<cvParam accession="text" name="text" cvRef="PSI-MS"/>
				</FeatureReferences>
				<userParam name="leave out missings"/>
			</QuantMeasurement>
			<QuantMeasurement id="QM_PSM_COUNT" value="5.6" name="PeptideSpectrumMatchCountPerProtein">
				<FeatureReferences>
					<GroupedFeatureRefs FeatureRefs="FEAT_4">
						<cvParam accession="text" name="text" cvRef="PSI-MS"/>
					</GroupedFeatureRefs>
					<cvParam accession="text" name="text" cvRef="PSI-MS"/>
				</FeatureReferences>
			</QuantMeasurement>
			<QuantMeasurement id="QM_NORM_PSM_COUNT" value="5.6" name="NormalizedPeptideSpectrumMatchCount">
				<FeatureReferences>
					<GroupedFeatureRefs FeatureRefs="FEAT_5">
						<cvParam accession="text" name="text" cvRef="PSI-MS"/>
					</GroupedFeatureRefs>
					<cvParam accession="text" name="text" cvRef="PSI-MS"/>
				</FeatureReferences>
			</QuantMeasurement>
			<QuantMeasurement id="QM_COUNT_MODS" value="5.6" name="SpectrumCountPerPeptideWithMods">
				<FeatureReferences>
					<GroupedFeatureRefs FeatureRefs="FEAT_6">
						<cvParam accession="text" name="text" cvRef="PSI-MS"/>
					</GroupedFeatureRefs>
					<cvParam accession="text" name="text" cvRef="PSI-MS"/>
				</FeatureReferences>
			</QuantMeasurement>
		</QuantMeasurements>
		<Ratio id="RAT_1">
			<Numerator>
				<QuantMeasurementRef ref="QU1"/>
				<QuantMeasurementRef ref="QU3"/>
			</Numerator>
			<Denominator>
				<QuantMeasurementRef ref="QU2"/>
			</Denominator>
		</Ratio>
		<Ratio id="RAT_2">
			<Numerator>
				<QuantMeasurementRef ref="QU1"/>
			</Numerator>
			<Denominator>
				<QuantMeasurementRef ref="QU2"/>
			</Denominator>
		</Ratio>
		<Ratio id="RAT_3">
			<Numerator>
				<QuantMeasurementRef ref="QU1"/>
			</Numerator>
			<Denominator>
				<QuantMeasurementRef ref="QU2"/>
			</Denominator>
		</Ratio>
		<Ratio id="RAT_4">
			<Numerator>
				<QuantMeasurementRef ref="QU1"/>
			</Numerator>
			<Denominator>
				<QuantMeasurementRef ref="QU2"/>
			</Denominator>
		</Ratio>
	</QuantificationsList>
	<DataProcessingList>
		<dataProcessing id="DP1">
			<processingMethod>
				<!--
				<referenceableParamGroupRef ref="RefParGroup1"/>
				<referenceableParamGroupRef ref="RefParGroup2"/>
				<cvParam accession="MS:1001486" name="data filtering" cvRef="PSI-MS" value=""/>
				-->
				<userParam name="myParam1"/>
			</processingMethod>
			<processingMethod>
				<!--
				<cvParam accession="MS:1000543" name="data processing action" cvRef="PSI-MS"/>
				-->
			</processingMethod>
		</dataProcessing>
		<dataProcessing id="DP2">
			<processingMethod>
				<!--
				<cvParam accession="MS:1001486" name="data filtering" cvRef="PSI-MS"/>
				-->
				<userParam name="myParam2"/>
			</processingMethod>
			<processingMethod>
				<!--
				<cvParam accession="MS:1000543" name="data processing action" cvRef="PSI-MS"/>
				-->
			</processingMethod>
		</dataProcessing>
	</DataProcessingList>
</mzQuantML>
