<?xml version="1.0" encoding="UTF-8"?>
<!--
For starters the first example is a SILAC experiment. Scans from tissue1 (as assay a_0) and tissue2 (as assay a_1) are made, initially labeled light, a
substance treatment labeled heavy.
Two features are found, both in a_0, a light(f_l1) and heavy(f_h1) variant of peptide p_a. The masstraces are stored to be able to reconstruct the feature. The
features coordinates are the coordinates of the centroid peak of the feature, intensity is weighted mean of all intensities.
As an attempt to evaluate treatment f_l1 and f_h1 are compared by building QuantUnits p_a-notreat and p_a-treat and a ratio of the latter. Actual ratio value
and how the ratio is build is stored in /can be followed by QuantitationResult from PeptideType.

discussion points here: is a link between SILAC-pairs (meaning two features) necessary? Maybe a default cvParam for  mathematical subsumption operation in GroupedFeatureRefs to save 1+n lines.
-->
<mzQuantML xmlns:xsi="http://www.w3.org/2001/XMLSchema-instance" xmlns="http://psidev.info/psi/pi/mzQuantML/0.1" xsi:schemaLocation="http://psidev.info/psi/pi/mzQuantML/0.1 ../../schema/mzQuantML_0_1_2.xsd">
	<cvList>
		<cv  id="PSI-MS" fullName="Proteomics Standards Initiative Mass Spectrometry Vocabularies" URI="http://psidev.cvs.sourceforge.net/viewvc/*checkout*/psidev/psi/psi-ms/mzML/controlledVocabulary/psi-ms.obo" version="2.25.0"/>
		<cv id="UO" fullName="Unit Ontology" URI="http://obo.cvs.sourceforge.net/*checkout*/obo/obo/ontology/phenotype/unit.obo"/>
	</cvList>
	<ProteinList>
		<QuantProteinAmbiguityGroup id="String">
			<IdentificationRef id_ref="String" file_ref="String"/>
			<GroupedQuantitationResult>
				<GroupMeasureParam unitAccession="String" unitCvRef="String" StudyVariable_ref="text" unitName="String" QuantMeasurement_ref="ID_1" value="String"/>
				<GroupRatioParam Ratio_ref="ID_1" StudyVariableNumerator_ref="ID_1" StudyVariableDenominator_ref="ID_1" value="3.14159265358979E0"/>
			</GroupedQuantitationResult>
			<QuantitationResult Assay_ref="ID_1">
				<MeasureParam unitAccession="String" unitCvRef="String" unitName="String" QuantMeasurement_ref="ID_1" value="String"/>
				<RatioParam Ratio_ref="ID_1" value="3.14159265358979E0"/>
			</QuantitationResult>
			<GlobalQuantitationResult>
				<MeasureParam unitAccession="String" unitCvRef="String" unitName="String" QuantMeasurement_ref="ID_1" value="String"/>
				<RatioParam Ratio_ref="ID_1" value="3.14159265358979E0"/>
			</GlobalQuantitationResult>
			<QuantProteinDetectionHypothesis id="String">
				<IdentificationRef id_ref="String" file_ref="String"/>
				<GroupedQuantitationResult>
					<GroupMeasureParam unitAccession="String" unitCvRef="String" StudyVariable_ref="text" unitName="String" QuantMeasurement_ref="ID_1" value="String"/>
					<GroupRatioParam Ratio_ref="ID_1" StudyVariableNumerator_ref="ID_1" StudyVariableDenominator_ref="ID_1" value="3.14159265358979E0"/>
				</GroupedQuantitationResult>
				<QuantitationResult Assay_ref="ID_1">
					<MeasureParam unitAccession="String" unitCvRef="String" unitName="String" QuantMeasurement_ref="ID_1" value="String"/>
					<RatioParam Ratio_ref="ID_1" value="3.14159265358979E0"/>
				</QuantitationResult>
				<QuantPeptideRefs>
					<QuantPeptideRef ref="String"/>
				</QuantPeptideRefs>
			</QuantProteinDetectionHypothesis>
		</QuantProteinAmbiguityGroup>
		<QuantProteinDetectionHypothesis id="String">
			<IdentificationRef id_ref="String" file_ref="String"/>
			<GroupedQuantitationResult>
				<GroupMeasureParam unitAccession="String" unitCvRef="String" StudyVariable_ref="text" unitName="String" QuantMeasurement_ref="ID_1" value="String"/>
				<GroupRatioParam Ratio_ref="ID_1" StudyVariableNumerator_ref="ID_1" StudyVariableDenominator_ref="ID_1" value="3.14159265358979E0"/>
			</GroupedQuantitationResult>
			<QuantitationResult Assay_ref="ID_1">
				<MeasureParam unitAccession="String" unitCvRef="String" unitName="String" QuantMeasurement_ref="ID_1" value="String"/>
				<RatioParam Ratio_ref="ID_1" value="3.14159265358979E0"/>
			</QuantitationResult>
			<QuantPeptideRefs>
				<QuantPeptideRef ref="String"/>
			</QuantPeptideRefs>
		</QuantProteinDetectionHypothesis>
	</ProteinList>
	<PeptideList>
		<Peptide id="pi_a">
			<PeptideSequence>SOMESEQUENCE</PeptideSequence>
				<IdentificationReferences id_ref="p_0" file_ref="i_1"/>
			<QuantitationResult assay_refs="a_0 a_1">
				<MeasureParam unitAccession="String" unitCvRef="String" measure_ref="text" unitName="String" value="String"/>
				<RatioParam ratio_ref="p_a-quant" value="1.48"/>
			</QuantitationResult>
		</Peptide>
	</PeptideList>

	<AssayList>
		<Assay id="a_0" name="String">
			<RawFiles>
				<RawFile id="tissue1_tr1" name="tissue1.raw"/>
			</RawFiles>
			<Label>
				<cvParam unitAccession="String" unitCvRef="String" unitName="String" accession="String" name="SILAC" value="light-heavy" cvRef="SILAC"/>
				<Modification massDelta="0">
					<cvParam unitAccession="String" unitCvRef="String" unitName="String" accession="String" name="isotopes" value="light" cvRef="SILAC"/>
				</Modification>
				<Modification massDelta="6">
					<cvParam unitAccession="String" unitCvRef="String" unitName="String" accession="String" name="isotopes" value="heavy" cvRef="SILAC"/>
				</Modification>
			</Label>
			<IdentificationFiles>
				<IdentificationFile id="i_0" name="tissue1.mzIdentML"/>
			</IdentificationFiles>
			<DataProcessingOrder>
				<DataProcessingOrderElement DataprocessingRef="ID_1" rank="sometime"/>
			</DataProcessingOrder>
			<cvParam unitAccession="String" unitCvRef="String" unitName="String" accession="String" name="String" value="String" cvRef="String"/>
		</Assay>
		<Assay id="a_1" name="String">
			<RawFiles>
				<RawFile id="tissue2" name="tissue2.raw"/>
			</RawFiles>
			<Label>
				<cvParam unitAccession="String" unitCvRef="String" unitName="String" accession="String" name="SILAC" value="light-heavy" cvRef="SILAC"/>
				<Modification massDelta="0">
					<cvParam unitAccession="String" unitCvRef="String" unitName="String" accession="String" name="isotopes" value="light" cvRef="SILAC"/>
				</Modification>
				<Modification massDelta="6">
					<cvParam unitAccession="String" unitCvRef="String" unitName="String" accession="String" name="isotopes" value="heavy" cvRef="SILAC"/>
				</Modification>
			</Label>
			<IdentificationFiles>
				<IdentificationFile id="i_1" name="tissue2.mzIdentML"/>
			</IdentificationFiles>
			<DataProcessingOrder>
				<DataProcessingOrderElement DataprocessingRef="ID_1" rank="sometime"/>
			</DataProcessingOrder>
			<cvParam unitAccession="String" unitCvRef="String" unitName="String" accession="String" name="String" value="String" cvRef="String"/>
		</Assay>
	</AssayList>

	<FeatureList>
		<Feature charge="2" id="f_l1" RT="1312.16" DataProcessingRef="ID_1" intensity="1428" MZ="625.84" AssayRef="a_0">
			<masstrace MZstart="625.82" RTstop="1338.65" MZstop="625.86" RTstart="1294.78"/>
			<masstrace MZstart="626.33" RTstop="1325.53" MZstop="626.35" RTstart="1297.59"/>
			<masstrace MZstart="626.83" RTstop="1317.51" MZstop="626.84" RTstart="1301.72"/>
			<IdentificationReferences id_ref="p_a" file_ref="i_0"/>
			<userParam unitAccession="String" unitCvRef="String" unitName="String" name="String" value="String"/>
		</Feature>
		<Feature charge="2" id="f_h1" RT="1312.16" DataProcessingRef="ID_1" intensity="1005" MZ="628.84" AssayRef="a_0">
			<masstrace MZstart="628.82" RTstop="1338.65" MZstop="628.86" RTstart="1294.78"/>
			<masstrace MZstart="629.33" RTstop="1325.53" MZstop="629.35" RTstart="1297.59"/>
			<masstrace MZstart="629.83" RTstop="1317.51" MZstop="629.84" RTstart="1301.72"/>
			<IdentificationReferences id_ref="p_a" file_ref="i_0"/>
			<userParam unitAccession="String" unitCvRef="String" unitName="String" name="String" value="String"/>
		</Feature>
	</FeatureList>

	<QuantificationsList>
		<QuantitationUnits>
			<QuantitationUnit id="p_a-notreat" name="somename" value="1428">
				<cvParam unitAccession="String" unitCvRef="String" unitName="String" accession="String" name="String" value="String" cvRef="String"/>
				<FeatureReferences>
						<GroupedFeatureRefs FeatureRefs="f_l1">
								<cvParam unitAccession="String" unitCvRef="String" unitName="String" accession="String" name="String" value="String" cvRef="String"/>
							</GroupedFeatureRefs>
					<cvParam unitAccession="String" unitCvRef="String" unitName="String" accession="String" name="String" value="String" cvRef="String"/>
				</FeatureReferences>
			<IdentificationReferences id_ref="p_a" file_ref="i_0"/>
				<UserParam unitAccession="String" unitCvRef="String" unitName="String" name="String" value="String"/>
			</QuantitationUnit>
			<QuantitationUnit id="p_a-treat" name="somename" value="1005">
				<cvParam unitAccession="String" unitCvRef="String" unitName="String" accession="String" name="String" value="String" cvRef="String"/>
				<FeatureReferences>
						<GroupedFeatureRefs FeatureRefs="f_h1">
								<cvParam unitAccession="String" unitCvRef="String" unitName="String" accession="String" name="String" value="String" cvRef="String"/>
							</GroupedFeatureRefs>
					<cvParam unitAccession="String" unitCvRef="String" unitName="String" accession="String" name="String" value="String" cvRef="String"/>
				</FeatureReferences>
			<IdentificationReferences id_ref="p_a" file_ref="i_0"/>
				<UserParam unitAccession="String" unitCvRef="String" unitName="String" name="String" value="String"/>
			</QuantitationUnit>
		</QuantitationUnits>
		<Ratio id="p_a-notreatp_a">
			<Numerator>
				<QuantitationUnitRef ref="p_a-notreat"/>
			</Numerator>
			<Denominator>
				<QuantitationUnitRef ref="p_a-treat"/>
			</Denominator>
		</Ratio>
		<Measurement id="String">
			<cvParam unitAccession="String" unitCvRef="String" unitName="String" accession="String" name="String" value="String" cvRef="String"/>
			<QuantitationUnitRef ref="String"/>
		</Measurement>
	</QuantificationsList>

	<DataProcessingList>
		<dataProcessing id="ID_1">
			<processingMethod>
				<referenceableParamGroupRef ref="ID_1"/>
				<cvParam unitAccession="String" unitCvRef="ID_1" unitName="String" accession="String" name="String" value="String" cvRef="ID_1"/>
				<userParam unitAccession="String" unitCvRef="String" unitName="String" name="String" value="String"/>
			</processingMethod>
		</dataProcessing>
	</DataProcessingList>
</mzQuantML>
