<?xml version="1.0" encoding="UTF-8"?>
<!--
Next example is a iTRAQ 4plex, modelled the following way:
Scans from two tissues, each a own assay. Tisssue1 has two technical replicates, Tissue2 just one scan. The 4 channels used for different treatments each.
Here, substance could of course be replaced by something else, say time of treatment. In Tissue1 (a_0) channel number is substance number, in Tissue2 (a_1)
substance number is reversed e.g. as attempt to detect systematic errors.
Features are detected from these scans. Here, features are each the channels of a given precursor. So, a features coordinates are the coordinates of the
precursor of the reporter ions, the intensity is the intensity of the reporter ion. (Values were mostly chosen arbitrarily.) The channels are additionally assigned
in the param.
Detected are 5*4 features, f_1_* (* is replaced by channel number) identified as peptide p_b, f_2_* and f_3_* identified as p_a, f_4_* as p_b and f_5_* as p_a.
As an exemplary attempt to quant a ratio is formed from the means of p_b on substance1 (from f_1_1 and f_5_4) and the means of p_b on substance4 (from
f_1_4 and f_5_1). Therefor, QuantUnits p_b-substance1 and p_b-substance4 are formed and the ratio follows. Actual ratio value and how the ratio is build is
stored in /can be followed by QuantitationResult from PeptideType.

discussion points here: replace AssayRef in the FeatureType with a ScanFileRef that implicitly points also to the assay or include both refs? IdentificationRef in
QuantUnit may be unnecessary. Wanted or not?
-->
<mzQuantML xmlns:xsi="http://www.w3.org/2001/XMLSchema-instance" xmlns="http://psidev.info/psi/pi/mzQuantML/0.1" xsi:schemaLocation="http://psidev.info/psi/pi/mzQuantML/0.1 ../../schema/mzQuantML_0_1_2.xsd">
<cvList>
	<cv URI="" fullName="" id=""/>
</cvList>

	<!--dummy-->
	<ProteinList>
		<QuantProteinAmbiguityGroup id="String">
			<IdentificationRef id_ref="String" file_ref="String"/>
			<GroupedQuantitationResult>
				<GroupMeasureParam unitAccession="String" unitCvRef="String" StudyVariable_ref="text" unitName="String" QuantMeasurement_ref="ID_1" value="String"/>
				<GroupRatioParam Ratio_ref="ID_1" StudyVariableNumerator_ref="ID_1" StudyVariableDenominator_ref="ID_1" value="3.14159265358979E0"/>
			</GroupedQuantitationResult>
			<QuantitationResult Assay_ref="ID_1">
				<MeasureParam unitAccession="String" unitCvRef="String" unitName="String" QuantMeasurement_ref="ID_1" value="String"/>
				<RatioParam Ratio_ref="ID_1" value="3.14159265358979E0"/>
			</QuantitationResult>
			<GlobalQuantitationResult>
				<MeasureParam unitAccession="String" unitCvRef="String" unitName="String" QuantMeasurement_ref="ID_1" value="String"/>
				<RatioParam Ratio_ref="ID_1" value="3.14159265358979E0"/>
			</GlobalQuantitationResult>
			<QuantProteinDetectionHypothesis id="String">
				<IdentificationRef id_ref="String" file_ref="String"/>
				<GroupedQuantitationResult>
					<GroupMeasureParam unitAccession="String" unitCvRef="String" StudyVariable_ref="text" unitName="String" QuantMeasurement_ref="ID_1" value="String"/>
					<GroupRatioParam Ratio_ref="ID_1" StudyVariableNumerator_ref="ID_1" StudyVariableDenominator_ref="ID_1" value="3.14159265358979E0"/>
				</GroupedQuantitationResult>
				<QuantitationResult Assay_ref="ID_1">
					<MeasureParam unitAccession="String" unitCvRef="String" unitName="String" QuantMeasurement_ref="ID_1" value="String"/>
					<RatioParam Ratio_ref="ID_1" value="3.14159265358979E0"/>
				</QuantitationResult>
				<QuantPeptideRefs>
					<QuantPeptideRef ref="String"/>
				</QuantPeptideRefs>
			</QuantProteinDetectionHypothesis>
		</QuantProteinAmbiguityGroup>
		<QuantProteinDetectionHypothesis id="String">
			<IdentificationRef id_ref="String" file_ref="String"/>
			<GroupedQuantitationResult>
				<GroupMeasureParam unitAccession="String" unitCvRef="String" StudyVariable_ref="text" unitName="String" QuantMeasurement_ref="ID_1" value="String"/>
				<GroupRatioParam Ratio_ref="ID_1" StudyVariableNumerator_ref="ID_1" StudyVariableDenominator_ref="ID_1" value="3.14159265358979E0"/>
			</GroupedQuantitationResult>
			<QuantitationResult Assay_ref="ID_1">
				<MeasureParam unitAccession="String" unitCvRef="String" unitName="String" QuantMeasurement_ref="ID_1" value="String"/>
				<RatioParam Ratio_ref="ID_1" value="3.14159265358979E0"/>
			</QuantitationResult>
			<QuantPeptideRefs>
				<QuantPeptideRef ref="String"/>
			</QuantPeptideRefs>
		</QuantProteinDetectionHypothesis>
	</ProteinList>


	<PeptideList>
		<Peptide id="pi_2">
			<PeptideSequence>SOMESEQUENCE</PeptideSequence>
				<IdentificationRef id_ref="pi_2" file_ref="i_1"/>
				<IdentificationRef id_ref="pi_2" file_ref="i_0"/>
			<QuantitationResult Assay_ref="a_1">
				<MeasureParam unitAccession="String" unitCvRef="String"  QuantMeasurement_ref="text" unitName="String" value="String"/>
				<RatioParam Ratio_ref="q_p_b-substance1_vs_substance4" value="1.058155487"/>
			</QuantitationResult>
		</Peptide>
	</PeptideList>

	<AssayList>
		<Assay id="a_0" name="String">
			<RawFiles>
				<RawFile id="tissue1_tr1" name="tissue1tr1.raw"/>
				<RawFile id="tissue1_tr2" name="tissue1tr2.raw"/>
			</RawFiles>
			<Label>
				<cvParam unitAccession="String" unitCvRef="String" unitName="String" accession="String" name="iTRAQ" value="4plex" cvRef="iTRAQ4plex"/>
				<Modification massDelta="1">
					<cvParam unitAccession="String" unitCvRef="String" unitName="String" accession="String" name="channel" value="1" cvRef="iTRAQ4plex"/>
				</Modification>
				<Modification massDelta="2">
					<cvParam unitAccession="String" unitCvRef="String" unitName="String" accession="String" name="channel" value="2" cvRef="iTRAQ4plex"/>
				</Modification>
				<Modification massDelta="3">
					<cvParam unitAccession="String" unitCvRef="String" unitName="String" accession="String" name="channel" value="3" cvRef="iTRAQ4plex"/>
				</Modification>
				<Modification massDelta="4">
					<cvParam unitAccession="String" unitCvRef="String" unitName="String" accession="String" name="channel" value="4" cvRef="iTRAQ4plex"/>
				</Modification>
			</Label>
			<IdentificationFiles>
				<IdentificationFile id="i_0" name="tissue1all.mzIdentML"/>
			</IdentificationFiles>
			<DataProcessingOrder>
				<DataProcessingOrderElement DataprocessingRef="ID_1" rank="somesubstance"/>
			</DataProcessingOrder>
			<cvParam unitAccession="String" unitCvRef="String" unitName="String" accession="String" name="String" value="String" cvRef="String"/>
		</Assay>
		<Assay id="a_1" name="String">
			<RawFiles>
				<RawFile id="tissue2" name="tissue2tu.raw"/>
			</RawFiles>
			<Label>
				<cvParam unitAccession="String" unitCvRef="String" unitName="String" accession="String" name="iTRAQ" value="4plex" cvRef="iTRAQ4plex"/>
				<Modification massDelta="1">
					<cvParam unitAccession="String" unitCvRef="String" unitName="String" accession="String" name="channel" value="1" cvRef="iTRAQ4plex"/>
				</Modification>
				<Modification massDelta="2">
					<cvParam unitAccession="String" unitCvRef="String" unitName="String" accession="String" name="channel" value="2" cvRef="iTRAQ4plex"/>
				</Modification>
				<Modification massDelta="3">
					<cvParam unitAccession="String" unitCvRef="String" unitName="String" accession="String" name="channel" value="3" cvRef="iTRAQ4plex"/>
				</Modification>
				<Modification massDelta="4">
					<cvParam unitAccession="String" unitCvRef="String" unitName="String" accession="String" name="channel" value="4" cvRef="iTRAQ4plex"/>
				</Modification>
			</Label>
			<IdentificationFiles>
				<IdentificationFile id="i_1" name="tissue2.mzIdentML"/>
			</IdentificationFiles>
			<DataProcessingOrder>
				<DataProcessingOrderElement DataprocessingRef="ID_1" rank="somesubstance"/>
			</DataProcessingOrder>
			<cvParam unitAccession="String" unitCvRef="String" unitName="String" accession="String" name="String" value="String" cvRef="String"/>
		</Assay>
	</AssayList>

	<FeatureList>
		<Feature charge="2" id="f_1_1" AssayRef="a_0"  DataProcessingRef="ID_1" MZ="489.839599609375" RT="996.1531" intensity="4327.02">
			<IdentificationReferences id_ref="p_b" file_ref="i_0"/>
			<userParam unitAccession="String" unitCvRef="String" unitName="String" name="channel" value="1"/>
		</Feature>
		<Feature charge="2" id="f_1_2" AssayRef="a_0"  DataProcessingRef="ID_1" MZ="489.839599609375" RT="996.1531" intensity="2446.1">
			<IdentificationReferences id_ref="p_b" file_ref="i_0"/>
			<userParam unitAccession="String" unitCvRef="String" unitName="String" name="channel" value="2"/>
		</Feature>
		<Feature charge="2" id="f_1_3" AssayRef="a_0"  DataProcessingRef="ID_1" MZ="489.839599609375" RT="996.1531" intensity="3074.21">
			<IdentificationReferences id_ref="p_b" file_ref="i_0"/>
			<userParam unitAccession="String" unitCvRef="String" unitName="String" name="channel" value="3"/>
		</Feature>
		<Feature charge="2" id="f_1_4" AssayRef="a_0"  DataProcessingRef="ID_1" MZ="489.839599609375" RT="996.1531" intensity="2387.64">
			<IdentificationReferences id_ref="p_b" file_ref="i_0"/>
			<userParam unitAccession="String" unitCvRef="String" unitName="String" name="channel" value="4"/>
		</Feature>

		<Feature charge="2" id="f_2_1" AssayRef="a_0"  DataProcessingRef="ID_1" RT="1003.3731" MZ="523.305307851563" intensity="1024.02">
			<IdentificationReferences id_ref="p_a" file_ref="i_0"/>
			<userParam unitAccession="String" unitCvRef="String" unitName="String" name="channel" value="1"/>
		</Feature>
		<Feature charge="2" id="f_2_2" AssayRef="a_0"  DataProcessingRef="ID_1" RT="1003.3731" MZ="523.305307851563" intensity="901.58">
			<IdentificationReferences id_ref="p_a" file_ref="i_0"/>
			<userParam unitAccession="String" unitCvRef="String" unitName="String" name="channel" value="2"/>
		</Feature>
		<Feature charge="2" id="f_2_3" AssayRef="a_0"  DataProcessingRef="ID_1" RT="1003.3731" MZ="523.305307851563" intensity="616.65">
			<IdentificationReferences id_ref="p_a" file_ref="i_0"/>
			<userParam unitAccession="String" unitCvRef="String" unitName="String" name="channel" value="3"/>
		</Feature>
		<Feature charge="2" id="f_2_4" AssayRef="a_0"  DataProcessingRef="ID_1" RT="1003.3731" MZ="523.305307851563" intensity="1000.22">
			<IdentificationReferences id_ref="p_a" file_ref="i_0"/>
			<userParam unitAccession="String" unitCvRef="String" unitName="String" name="channel" value="4"/>

		</Feature>
		<Feature charge="2" id="f_3_1" AssayRef="a_0"  DataProcessingRef="ID_1" RT="1003.3731" MZ="523.305297851563" intensity="1424.72">
			<IdentificationReferences id_ref="p_a" file_ref="i_0"/>
			<userParam unitAccession="String" unitCvRef="String" unitName="String" name="channel" value="1"/>
		</Feature>
		<Feature charge="2" id="f_3_2" AssayRef="a_0"  DataProcessingRef="ID_1" RT="1003.3731" MZ="523.305297851563" intensity="900.18">
			<IdentificationReferences id_ref="p_a" file_ref="i_0"/>
			<userParam unitAccession="String" unitCvRef="String" unitName="String" name="channel" value="2"/>
		</Feature>
		<Feature charge="2" id="f_3_3" AssayRef="a_0"  DataProcessingRef="ID_1" RT="1003.3731" MZ="523.305297851563" intensity="615.265">
			<IdentificationReferences id_ref="p_a" file_ref="i_0"/>
			<userParam unitAccession="String" unitCvRef="String" unitName="String" name="channel" value="3"/>
		</Feature>
		<Feature charge="2" id="f_3_4" AssayRef="a_0"  DataProcessingRef="ID_1" RT="1003.3731" MZ="523.305297851563" intensity="986.2">
			<IdentificationReferences id_ref="p_a" file_ref="i_0"/>
			<userParam unitAccession="String" unitCvRef="String" unitName="String" name="channel" value="4"/>

		</Feature>
		<Feature charge="2" id="f_4_1" AssayRef="a_1"  DataProcessingRef="ID_1" RT="1129.0157" MZ="539.89306640625" intensity="2407.02">
			<IdentificationReferences id_ref="p_a" file_ref="i_1"/>
			<userParam unitAccession="String" unitCvRef="String" unitName="String" name="channel" value="1"/>
		</Feature>
		<Feature charge="2" id="f_4_2" AssayRef="a_1"  DataProcessingRef="ID_1" RT="1129.0157" MZ="539.89306640625" intensity="1617.41">
			<IdentificationReferences id_ref="p_a" file_ref="i_1"/>
			<userParam unitAccession="String" unitCvRef="String" unitName="String" name="channel" value="2"/>
		</Feature>
		<Feature charge="2" id="f_4_3" AssayRef="a_1"  DataProcessingRef="ID_1" RT="1129.0157" MZ="539.89306640625" intensity="2912.02">
			<IdentificationReferences id_ref="p_a" file_ref="i_1"/>
			<userParam unitAccession="String" unitCvRef="String" unitName="String" name="channel" value="3"/>
		</Feature>
		<Feature charge="2" id="f_4_4" AssayRef="a_1"  DataProcessingRef="ID_1" RT="1129.0157" MZ="539.89306640625" intensity="1649.82">
			<IdentificationReferences id_ref="p_a" file_ref="i_1"/>
			<userParam unitAccession="String" unitCvRef="String" unitName="String" name="channel" value="4"/>
		</Feature>

		<Feature charge="2" id="f_5_1" AssayRef="a_1"  DataProcessingRef="ID_1" RT="1133.0633" MZ="580.820373535156" intensity="1701.57">
			<IdentificationReferences id_ref="p_b" file_ref="i_1"/>
			<userParam unitAccession="String" unitCvRef="String" unitName="String" name="channel" value="1"/>
		</Feature>
		<Feature charge="2" id="f_5_2" AssayRef="a_1"  DataProcessingRef="ID_1" RT="1133.0633" MZ="580.820373535156" intensity="1206.49">
			<IdentificationReferences id_ref="p_b" file_ref="i_1"/>
			<userParam unitAccession="String" unitCvRef="String" unitName="String" name="channel" value="2"/>
		</Feature>
		<Feature charge="2" id="f_5_3" AssayRef="a_1"  DataProcessingRef="ID_1" RT="1133.0633" MZ="580.820373535156" intensity="1706.95">
			<IdentificationReferences id_ref="p_b" file_ref="i_1"/>
			<userParam unitAccession="String" unitCvRef="String" unitName="String" name="channel" value="3"/>
		</Feature>
		<Feature charge="2" id="f_5_4" AssayRef="a_1"  DataProcessingRef="ID_1" RT="1133.0633" MZ="580.820373535156" intensity="0">
			<IdentificationReferences id_ref="p_b" file_ref="i_1"/>
			<userParam unitAccession="String" unitCvRef="String" unitName="String" name="channel" value="4"/>
		</Feature>
 	</FeatureList>

	<QuantificationsList>
		<QuantitationUnits>
			<QuantitationUnit id="p_b-substance1" name="p_b_substance1" value="2163.51">
				<cvParam unitAccession="String" unitCvRef="String" unitName="String" accession="String" name="String" value="String" cvRef="String"/>
				<FeatureReferences>
						<GroupedFeatureRefs FeatureRefs="f_1_1 f_5_4">
								<cvParam unitAccession="String" unitCvRef="String" unitName="String" accession="String" name="String" value="String" cvRef="String"/>
							</GroupedFeatureRefs>
					<cvParam unitAccession="String" unitCvRef="String" unitName="String" accession="String" name="String" value="String" cvRef="String"/>
				</FeatureReferences>
				<IdentificationReferences id_ref="p_b" file_ref="i_1"/>
				<IdentificationReferences id_ref="p_b" file_ref="i_0"/>
				<UserParam unitAccession="String" unitCvRef="String" unitName="String" name="what" value="all tissues peptide p_b substance y mean"/>
			</QuantitationUnit>
			<QuantitationUnit id="p_b-substance4" name="p_b-substance4" value="2044.605">
				<cvParam unitAccession="String" unitCvRef="String" unitName="String" accession="String" name="String" value="String" cvRef="String"/>
				<FeatureReferences>
						<GroupedFeatureRefs FeatureRefs="f_1_4 f_5_1">
								<cvParam unitAccession="String" unitCvRef="String" unitName="String" accession="String" name="String" value="String" cvRef="String"/>
							</GroupedFeatureRefs>
					<cvParam unitAccession="String" unitCvRef="String" unitName="String" accession="String" name="String" value="String" cvRef="String"/>
				</FeatureReferences>
				<IdentificationReferences id_ref="p_b" file_ref="i_1"/>
				<IdentificationReferences id_ref="p_b" file_ref="i_0"/>
				<UserParam unitAccession="String" unitCvRef="String" unitName="String" name="what" value="all tissues peptide p_b substance z mean"/>
			</QuantitationUnit>
		</QuantitationUnits>
		<Ratio id="q_p_b-substance1_vs_substance4">
			<Numerator>
				<QuantitationUnitRef ref="p_b-substance1"/>
			</Numerator>
			<Denominator>
				<QuantitationUnitRef ref="p_b-substance4"/>
			</Denominator>
		</Ratio>
		<Measurement id="String">
			<cvParam unitAccession="String" unitCvRef="String" unitName="String" accession="String" name="String" value="String" cvRef="String"/>
			<QuantitationUnitRef ref="String"/>
		</Measurement>
	</QuantificationsList>

	<DataProcessingList>
		<dataProcessing id="ID_1">
			<processingMethod>
				<referenceableParamGroupRef ref="ID_1"/>
				<cvParam unitAccession="String" unitCvRef="ID_1" unitName="String" accession="String" name="map id's for iTRAQ spectra" value="all" cvRef="ID_1"/>
			</processingMethod>
		</dataProcessing>
		<dataProcessing id="ID_2">
			<processingMethod>
				<referenceableParamGroupRef ref="ID_1"/>
				<cvParam unitAccession="String" unitCvRef="ID_1" unitName="String" accession="String" name="quality-improvement for spectra" value="all" cvRef="ID_1"/>
			</processingMethod>
		</dataProcessing>
		<dataProcessing id="ID_3">
			<processingMethod>
				<referenceableParamGroupRef ref="ID_1"/>
				<cvParam unitAccession="String" unitCvRef="ID_1" unitName="String" accession="String" name="some preprocessing " value="all" cvRef="ID_1"/>
			</processingMethod>
		</dataProcessing>
		<dataProcessing id="ID_4">
			<processingMethod>
				<referenceableParamGroupRef ref="ID_1"/>
				<cvParam unitAccession="String" unitCvRef="ID_1" unitName="String" accession="String" name="some postprocessing" value="all" cvRef="ID_1"/>
			</processingMethod>
		</dataProcessing>
	</DataProcessingList>
</mzQuantML>
