<!--
Sketch of an example for using data matrices to represent quant layers
-->
<mzQuantML xmlns:xsi="http://www.w3.org/2001/XMLSchema-instance"
 xsi:schemaLocation="http://psidev.info/psi/pi/mzQuantML/0.1 ../../schema/mzQuantML_0_1_5.xsd"
 xmlns="http://psidev.info/psi/pi/mzQuantML/0.1">
	<cvList>
		<cv id="PSI-MS" fullName="Proteomics Standards Initiative Mass Spectrometry Vocabularies"
			URI="http://psidev.cvs.sourceforge.net/viewvc/*checkout*/psidev/psi/psi-ms/mzML/controlledVocabulary/psi-ms.obo"
			version="2.25.0"/>
		<cv id="UO" fullName="Unit Ontology"
			URI="http://obo.cvs.sourceforge.net/*checkout*/obo/obo/ontology/phenotype/unit.obo"/>
	</cvList>

	<InputFiles>
		<RawFilesGroup id="raw1">
			<RawFile location="../msmsdata/b1.raw" id="r1"/>
		</RawFilesGroup>
		<RawFilesGroup id="raw2">
			<RawFile location="../msmsdata/e1.raw" id="r2"/>
		</RawFilesGroup>
		<IdenficationFiles>
			<IdentificationFile location="myidents.mzid"/>
		</IdenficationFiles>
		<SearchDatabase location="c:\mydb.fasta" id="SD1">
			<DatabaseName><userParam name="mydb.fasta"/></DatabaseName>
		</SearchDatabase>
	</InputFiles>
	
	<AssayList id="AssayList1">
		<Assay id="B1" name="B1">
			<raw_files_group_ref>raw1</raw_files_group_ref>
		</Assay>
		<Assay id="E1" name="E1">
			<raw_files_group_ref>raw2</raw_files_group_ref>			
		</Assay>		
		
	</AssayList>


	<StudyVariableList>
		<StudyVariable id="SV_group_B" name="Group B">
			<cvParam accession="MS:0000000 (study variable)" name="concentration" cvRef="PSI-MS"
				value="1" unitAccession="TODO" unitCvRef="TODO" unitName="TODO"/>
			<AssayRef assay_ref="B1"/>
		</StudyVariable>


	</StudyVariableList>
	
	<ProteinList>
		<Protein id="HSP70" accession="HSP70">
			<peptide_refs>PEPTIDER MLEPTIDER</peptide_refs>			
		</Protein>
		<QuantLayer id="QL2">
			<DataType>
				<cvParam cvRef="PSI-MS" accession="TODO" name="Protein abundance"/>
			</DataType>
			<ColumnIndex>HSP70</ColumnIndex>
			<ColumnType>Assay</ColumnType>
			<DataMatrix>
				<Row object_ref="HSP70">5400 10800</Row>
			</DataMatrix>
		</QuantLayer>
		
	</ProteinList>
	

	<PeptideList>
		<Peptide id="PEPTIDER">
			<PeptideSequence>PEPTIDER</PeptideSequence>
			<!-- If feature refs are used, is allowed to have more than one feature from the same assay -->
			<feature_refs>featureB_1 featureE_1</feature_refs>			
		</Peptide>
		<Peptide id="MLEPTIDER">
			<PeptideSequence>MLEPTIDER</PeptideSequence>
			<feature_refs>featureB_2 featureE_2</feature_refs>	
		</Peptide>
		
		<QuantLayer id="QL1">
			<DataType>
				<cvParam cvRef="PSI-MS" accession="TODO" name="Abundance"/>
			</DataType>
			<ColumnIndex>B1 E1</ColumnIndex>
			<ColumnType>Assay</ColumnType>
			<DataMatrix>
				<Row object_ref="PEPTIDER">254098 345345</Row>	<!-- i.e. in Assay B, PEPTIDER had abundance 254098 and in assay E it was 345345 -->
				<Row object_ref="MLEPTIDER">334098 545345</Row>
			</DataMatrix>			
		</QuantLayer>
		
	</PeptideList>
	
	
	<FeatureList RawFileGroup_ref="raw1" dataProcessing_ref="feature_quantification">
		<Feature id="featureB_1" charge="2" MZ="418.172" RT="26.8685"/>
		<Feature id="featureB_2" charge="2" MZ="421.572" RT="27.8685"/>
		<Feature id="featureB_3" charge="2" MZ="487.729" RT="26.9685"/>
		<Feature id="featureB_4" charge="2" MZ="518.827" RT="26.8685"/>
		
		
		<FeatureQuantLayer id="FQL1">
			<FeatureColumnIndex>
				<FeatureColumn index="0" processingStep_ref="feature_quantification">
					<DataType>
						<cvParam cvRef="PSI-MS" accession="TODO" name="intensity"/>
					</DataType>
				</FeatureColumn>
				<FeatureColumn index="1" processingStep_ref="feature_quantification">
					<DataType>
						<cvParam cvRef="PSI-MS" accession="TODO" name="raw abundance"/>
					</DataType>
				</FeatureColumn>
				<FeatureColumn index="2" processingStep_ref="feature_quantification">
					<DataType>
						<cvParam cvRef="PSI-MS" accession="TODO" name="resolution"/>						
					</DataType>
				</FeatureColumn>
				<FeatureColumn index="3" processingStep_ref="feature_quantification">
					<DataType>
						<cvParam cvRef="PSI-MS" accession="TODO" name="mass fractional part"/>						
					</DataType>
				</FeatureColumn>
				
			</FeatureColumnIndex>			
			<DataMatrix>
				<Row object_ref="featureB_1">23304.18097 16033.65284 55844.77344 0.994629</Row>
				<Row object_ref="featureB_2">93481.41456 98090.36288 NaN 0.146698</Row>
				<Row object_ref="featureB_3">193481.71622 298090.36288 NaN 0.546698</Row>
				<Row object_ref="featureB_4">181.43671 398090.36288 793556 0.146698</Row>
				<Row object_ref="featureE_1">23304.18097 16033.65284 55844.77344 0.994629</Row>
				<Row object_ref="featureE_2">93481.41456 98090.36288 NaN 0.146698</Row>
				<Row object_ref="featureE_3">193481.71622 298090.36288 NaN 0.546698</Row>
				<Row object_ref="featureE_4">181.43671 398090.36288 793556 0.146698</Row>
				
			</DataMatrix>
		</FeatureQuantLayer>
	</FeatureList>
	
	<FeatureList RawFileGroup_ref="raw2" dataProcessing_ref="feature_quantification">
		<Feature id="featureE_1" assay_ref="E1" charge="2" MZ="418.172" RT="26.8685"/>
		<Feature id="featureE_2" assay_ref="E1" charge="2" MZ="421.572" RT="27.8685"/>
		<Feature id="featureE_3" assay_ref="E1" charge="2" MZ="487.729" RT="26.9685"/>
		<Feature id="featureE_4" assay_ref="E1" charge="2" MZ="518.827" RT="26.8685"/>
		
		<FeatureQuantLayer id="FQL2">
			<FeatureColumnIndex>
				<FeatureColumn index="0" processingStep_ref="feature_quantification">
					<DataType>
						<cvParam cvRef="PSI-MS" accession="TODO" name="intensity"/>
					</DataType>
				</FeatureColumn>
				<FeatureColumn index="1" processingStep_ref="feature_quantification">
					<DataType>
						<cvParam cvRef="PSI-MS" accession="TODO" name="raw abundance"/>
					</DataType>
				</FeatureColumn>
				<FeatureColumn index="2" processingStep_ref="feature_quantification">
					<DataType>
						<cvParam cvRef="PSI-MS" accession="TODO" name="resolution"/>						
					</DataType>
				</FeatureColumn>
				<FeatureColumn index="3" processingStep_ref="feature_quantification">
					<DataType>
						<cvParam cvRef="PSI-MS" accession="TODO" name="mass fractional part"/>						
					</DataType>
				</FeatureColumn>
				
			</FeatureColumnIndex>			
			<DataMatrix>
				<Row object_ref="featureE_1">23304.18097 16033.65284 55844.77344 0.994629</Row>
				<Row object_ref="featureE_2">93481.41456 98090.36288 NaN 0.146698</Row>
				<Row object_ref="featureE_3">193481.71622 298090.36288 NaN 0.546698</Row>
				<Row object_ref="featureE_4">181.43671 398090.36288 793556 0.146698</Row>
				
			</DataMatrix>
		</FeatureQuantLayer>
	</FeatureList>
	


	
	
	



	<DataProcessingList>
		<DataProcessing id="feature_quantification">
			<ProcessingMethod><userParam name=""/></ProcessingMethod>
		</DataProcessing>
	</DataProcessingList>

</mzQuantML>
