<!--
Sketch of an example for using data matrices to represent quant layers
-->
<mzQuantML xmlns:xsi="http://www.w3.org/2001/XMLSchema-instance"
 xsi:schemaLocation="http://psidev.info/psi/pi/mzQuantML/0.1 ../../schema/mzQuantML_0_1_5.xsd"
 xmlns="http://psidev.info/psi/pi/mzQuantML/0.1">
	<cvList>
		<cv id="PSI-MS" fullName="Proteomics Standards Initiative Mass Spectrometry Vocabularies"
			URI="http://psidev.cvs.sourceforge.net/viewvc/*checkout*/psidev/psi/psi-ms/mzML/controlledVocabulary/psi-ms.obo"
			version="2.25.0"/>
		<cv id="UO" fullName="Unit Ontology"
			URI="http://obo.cvs.sourceforge.net/*checkout*/obo/obo/ontology/phenotype/unit.obo"/>
	</cvList>

	<InputFiles>
		<RawFilesGroup id="raw1">
			<RawFile location="../msmsdata/b1.raw" id="r1"/>
		</RawFilesGroup>
		<RawFilesGroup id="raw2">
			<RawFile location="../msmsdata/b2.raw" id="r2"/>
		</RawFilesGroup>
		<IdenficationFiles>
			<IdentificationFile location="myidents.mzid"/>
		</IdenficationFiles>
		<SearchDatabase location="c:\mydb.fasta" id="SD1">
			<DatabaseName><userParam name="mydb.fasta"/></DatabaseName>
		</SearchDatabase>
	</InputFiles>
	

	<AssayList id="AssayList1">
		<Assay id="B1" name="B1">
			<raw_files_group_ref>raw1</raw_files_group_ref>
		</Assay>
		<Assay id="E1" name="E1 heavy">
			<raw_files_group_ref>raw1</raw_files_group_ref>
			<Label>
				<Modification massDelta="8">
					<cvParam cvRef="" accession="" name=""/>
				</Modification>
				<Modification massDelta="10">
					<cvParam cvRef="" accession="" name=""/>
				</Modification>				
			</Label>			
		</Assay>
		<Assay id="B2" name="B2">
			<raw_files_group_ref>raw2</raw_files_group_ref>
		</Assay>
		<Assay id="E2" name="E2 heavy">
			<raw_files_group_ref>raw2</raw_files_group_ref>
			<Label>
				<Modification massDelta="8">
					<cvParam cvRef="" accession="" name=""/>
				</Modification>
				<Modification massDelta="10">
					<cvParam cvRef="" accession="" name=""/>
				</Modification>				
			</Label>			
		</Assay>

	</AssayList>


	<StudyVariableList>
		<StudyVariable id="SV_group_B" name="Group B">
			<cvParam accession="MS:0000000 (study variable)" name="concentration" cvRef="PSI-MS"
				value="1" unitAccession="TODO" unitCvRef="TODO" unitName="TODO"/>
			<AssayRef assay_ref="B1"/>
		</StudyVariable>
		<StudyVariable id="SV_group_E" name="Group E">
			<cvParam accession="MS:0000000 (study variable)" name="concentration" cvRef="PSI-MS"
				value="10" unitAccession="TODO" unitCvRef="TODO" unitName="TODO"/>
			<AssayRef assay_ref="E1"/>
		</StudyVariable>


	</StudyVariableList>
	
	<RatioList>
		<Ratio id="ratioE_B" numerator_ref="SV_group_E" denominator_ref="SV_group_B" >
			<RatioCalculation>
				<userParam name="Simple ratio calc"/>
			</RatioCalculation>
		</Ratio>
		<Ratio numerator_ref="E1" denominator_ref="B1" id="E1_over_B1"/>
		<Ratio numerator_ref="E2" denominator_ref="B2" id="E2_over_B2"/>
	</RatioList>
	
	<ProteinList>
		
		<!-- Note, it needs some thought as to whether to allow different sets of peptide_refs for each assay or study variable. This will increase the complexity of the format, but some exporters may want this -->
		<Protein id="HSP70" accession="HSP70">
			<peptide_refs>MLEPTIDER PEPTIDER</peptide_refs>
		</Protein>
		
		<QuantLayer id="QL_protein_ratios_study_variable">
			<DataType>
				<cvParam cvRef="" accession="" name="ratio"/>
			</DataType>
			<ColumnIndex>ratioE_B</ColumnIndex>
			<ColumnType>Ratio</ColumnType>
			<DataMatrix>
				<Row object_ref="HSP70">2.22</Row>
			</DataMatrix>
		</QuantLayer>
		
	</ProteinList>
	

	<PeptideList>
		<Peptide id="PEPTIDER">
			<PeptideSequence>PEPTIDER</PeptideSequence>
			<!-- If feature refs are used, is allowed to have more than one feature from the same assay -->
			<matched_feature_refs>featureB_1 featureE_1</matched_feature_refs>			
		</Peptide>
		<Peptide id="MLEPTIDER">
			<PeptideSequence>MLEPTIDER</PeptideSequence>
			<matched_feature_refs>featureB_2 featureE_2</matched_feature_refs>	
		</Peptide>
		
		<QuantLayer id="QL_ratio_across_study_variables">
			<DataType>
				<cvParam cvRef="PSI-MS" accession="TODO" name="Ratio abundance"/>
			</DataType>
			<ColumnIndex>ratioE_B</ColumnIndex>
			<ColumnType>Ratio</ColumnType>
			<DataMatrix>
				<Row object_ref="PEPTIDER">1.5</Row>	
				<Row object_ref="MLEPTIDER">1.7</Row>
			</DataMatrix>			
		</QuantLayer>
		
	</PeptideList>
	
	
	<FeatureList RawFileGroup_ref="raw1">
		<Feature id="featureB_1" charge="2" MZ="418.172" RT="26.8685"/>
		<Feature id="featureB_2" charge="2" MZ="421.572" RT="27.8685"/>
		<Feature id="featureB_3" charge="2" MZ="487.729" RT="26.9685"/>
		<Feature id="featureB_4" charge="2" MZ="518.827" RT="26.8685"/>
		<Feature id="featureE_1" charge="2" MZ="418.172" RT="26.8685"/>
		<Feature id="featureE_2" charge="2" MZ="421.572" RT="27.8685"/>
		<Feature id="featureE_3" charge="2" MZ="487.729" RT="26.9685"/>
		<Feature id="featureE_4" charge="2" MZ="518.827" RT="26.8685"/>
		
		<!-- We need to take a decision about assay references - these are only valid for SILAC after feature matching
		<Feature id="featureB_1" assay_ref="B1" charge="2" MZ="418.172" RT="26.8685"/>
		<Feature id="featureB_2" assay_ref="B1" charge="2" MZ="421.572" RT="27.8685"/>
		<Feature id="featureB_3" assay_ref="B1" charge="2" MZ="487.729" RT="26.9685"/>
		<Feature id="featureB_4" assay_ref="B1" charge="2" MZ="518.827" RT="26.8685"/>
		<Feature id="featureE_1" assay_ref="E1" charge="2" MZ="418.172" RT="26.8685"/>
		<Feature id="featureE_2" assay_ref="E1" charge="2" MZ="421.572" RT="27.8685"/>
		<Feature id="featureE_3" assay_ref="E1" charge="2" MZ="487.729" RT="26.9685"/>
		<Feature id="featureE_4" assay_ref="E1" charge="2" MZ="518.827" RT="26.8685"/>
		-->
		
		<FeatureQuantLayer id="FQL1">
			<FeatureColumnIndex>
				<FeatureColumn index="0" processingStep_ref="feature_quantification">
					<DataType>
						<cvParam cvRef="PSI-MS" accession="TODO" name="intensity"/>
					</DataType>
				</FeatureColumn>
				<FeatureColumn index="1" processingStep_ref="feature_quantification">
					<DataType>
						<cvParam cvRef="PSI-MS" accession="TODO" name="raw abundance"/>
					</DataType>
				</FeatureColumn>
				<FeatureColumn index="2" processingStep_ref="feature_quantification">
					<DataType>
						<cvParam cvRef="PSI-MS" accession="TODO" name="resolution"/>						
					</DataType>
				</FeatureColumn>
				<FeatureColumn index="3" processingStep_ref="feature_quantification">
					<DataType>
						<cvParam cvRef="PSI-MS" accession="TODO" name="mass fractional part"/>						
					</DataType>
				</FeatureColumn>
				
			</FeatureColumnIndex>			
			<DataMatrix>
				<Row object_ref="featureB_1">23304.18097 16033.65284 55844.77344 0.994629</Row>
				<Row object_ref="featureB_2">93481.41456 98090.36288 NaN 0.146698</Row>
				<Row object_ref="featureB_3">193481.71622 298090.36288 NaN 0.546698</Row>
				<Row object_ref="featureB_4">181.43671 398090.36288 793556 0.146698</Row>
				<Row object_ref="featureE_1">23304.18097 16033.65284 55844.77344 0.994629</Row>
				<Row object_ref="featureE_2">93481.41456 98090.36288 NaN 0.146698</Row>
				<Row object_ref="featureE_3">193481.71622 298090.36288 NaN 0.546698</Row>
				<Row object_ref="featureE_4">181.43671 398090.36288 793556 0.146698</Row>
				
			</DataMatrix>
		</FeatureQuantLayer>
	</FeatureList>
	
	<!-- Raw features quantified from the second raw file-->
	<FeatureList RawFileGroup_ref="raw2">
		<Feature id="featureB2_1" charge="2" MZ="418.172" RT="26.8685"/>
		<Feature id="featureB2_2" charge="2" MZ="421.572" RT="27.8685"/>
		<Feature id="featureB2_3" charge="2" MZ="487.729" RT="26.9685"/>
		<Feature id="featureB2_4" charge="2" MZ="518.827" RT="26.8685"/>
		<Feature id="featureE2_1" charge="2" MZ="418.172" RT="26.8685"/>
		<Feature id="featureE2_2" charge="2" MZ="421.572" RT="27.8685"/>
		<Feature id="featureE2_3" charge="2" MZ="487.729" RT="26.9685"/>
		<Feature id="featureE2_4" charge="2" MZ="518.827" RT="26.8685"/>

		
		<FeatureQuantLayer id="FQL2">
			<FeatureColumnIndex>
				<FeatureColumn index="0" processingStep_ref="feature_quantification">
					<DataType>
						<cvParam cvRef="PSI-MS" accession="TODO" name="intensity"/>
					</DataType>
				</FeatureColumn>
				<FeatureColumn index="1" processingStep_ref="feature_quantification">
					<DataType>
						<cvParam cvRef="PSI-MS" accession="TODO" name="raw abundance"/>
					</DataType>
				</FeatureColumn>
				<FeatureColumn index="2" processingStep_ref="feature_quantification">
					<DataType>
						<cvParam cvRef="PSI-MS" accession="TODO" name="resolution"/>						
					</DataType>
				</FeatureColumn>
				<FeatureColumn index="3" processingStep_ref="feature_quantification">
					<DataType>
						<cvParam cvRef="PSI-MS" accession="TODO" name="mass fractional part"/>						
					</DataType>
				</FeatureColumn>
				
			</FeatureColumnIndex>			
			<DataMatrix>
				<Row object_ref="featureB2_1">23304.18097 16033.65284 55844.77344 0.994629</Row>
				<Row object_ref="featureB2_2">93481.41456 98090.36288 NaN 0.146698</Row>
				<Row object_ref="featureB2_3">193481.71622 298090.36288 NaN 0.546698</Row>
				<Row object_ref="featureB2_4">181.43671 398090.36288 793556 0.146698</Row>
				<Row object_ref="featureE2_1">23304.18097 16033.65284 55844.77344 0.994629</Row>
				<Row object_ref="featureE2_2">93481.41456 98090.36288 NaN 0.146698</Row>
				<Row object_ref="featureE2_3">193481.71622 298090.36288 NaN 0.546698</Row>
				<Row object_ref="featureE2_4">181.43671 398090.36288 793556 0.146698</Row>
				
			</DataMatrix>
		</FeatureQuantLayer>
	</FeatureList>
	

	<!-- Do we want to allow multiple MatchedFeatureList, similar to FeatureList -->
	<MatchedFeatureList>
		
		<!-- Peak pair matching in the first raw file -->
		<MatchedFeature id="MF1">
			<feature_refs>featureB_1 featureE_1</feature_refs>
		</MatchedFeature>
		<MatchedFeature id="MF2">
			<feature_refs>featureB_2 featureE_2</feature_refs>
		</MatchedFeature>
		
		<!-- Peak pair matching in the second raw file -->
		<MatchedFeature id="MF3">
			<feature_refs>featureB2_1 featureE2_1</feature_refs>
		</MatchedFeature>
		<MatchedFeature id="MF4">
			<feature_refs>featureB2_2 featureE2_2</feature_refs>
		</MatchedFeature>
		
		<!-- QL containing ratios within single raw file -->
		<QuantLayer id="QL_rawfile1_silac_pair_ratios">
			<DataType>
				<cvParam cvRef="" accession="" name="ratio"/>
			</DataType>
			<ColumnIndex>E1_over_B1</ColumnIndex>
			<ColumnType>Ratio</ColumnType>
			<DataMatrix>
				<Row object_ref="MF1">1.87</Row>
				<Row object_ref="MF2">1.95</Row>
			</DataMatrix>
		</QuantLayer>
		
		<QuantLayer id="QL_rawfile2_silac_pair_ratios">
			<DataType>
				<cvParam cvRef="" accession="" name="ratio"/>
			</DataType>
			<ColumnIndex>E2_over_B2</ColumnIndex>
			<ColumnType>Ratio</ColumnType>
			<DataMatrix>
				<Row object_ref="MF3">2.45</Row>
				<Row object_ref="MF4">2.34</Row>
			</DataMatrix>
		</QuantLayer>
		
		
		<!-- Optional to have quant layer or not, not necessarily needed if features have intensity -->
	</MatchedFeatureList>
	
	
	
	
	

	<DataProcessingList>
		<DataProcessing id="progenesis_alignment">
			<ProcessingMethod>
				<userParam name=""/>
				<!-- TODO: further describtion of the alignment. maybe even collecting all vectors, if this is intended? -->
			</ProcessingMethod>
		</DataProcessing>
		<DataProcessing id="feature_quantification">
			<ProcessingMethod>
				<userParam name=""/>
				<!-- TODO: further describtion of the alignment. maybe even collecting all vectors, if this is intended? -->
			</ProcessingMethod>
		</DataProcessing>
	</DataProcessingList>
	

</mzQuantML>
